id,deuda,cantidad,precio
3299,0,1250,1657
426,0,425,450
1558,0,1540,1770
3660,0,650,750
864,0,3075,4575
3273,0,650,1708
2857,0,600,1827
1990,0,1600,1796
1489,0,1000,1618
799,0,1000,1264
33,0,450,650
4312,0,1150,1350
2435,1172,1000,1200
4064,0,1000,2193
3070,0,850,1014
1766,0,1500,1923
1240,0,1000,1228
3062,0,1100,1505
2623,0,1200,1445
604,3000,360,510
3429,0,900,975
2863,0,325,375
1490,0,1300,1588
2679,0,500,1364
2395,0,590,894
665,0,1000,1505
4232,0,650,1265
3713,0,1200,1460
2678,0,800,1000
1728,1,1100,1563
4204,2500,1300,1595
985,0,400,710
204,700,700,2004
3586,0,360,1258
174,0,1400,1400
2568,0,1400,1850
1219,0,525,525
1792,0,600,1282
3494,0,1250,1300
3738,12000,1100,1457
2643,0,200,2000
2182,0,1000,1590
1892,0,950,1164
819,0,600,2240
1290,0,1800,2015
965,0,1200,1225
1623,0,1000,2335
3462,0,1000,1622
2541,0,1800,2101
3141,0,1250,1400
3276,0,1285,1311
2616,0,700,1702
3746,0,500,675
196,0,1000,1700
3163,240,250,542
3253,8000,1000,1668
590,0,780,2220
1339,0,860,959
446,0,1100,1650
1041,0,1100,1110
622,0,1100,1256
1828,0,1650,1816
1436,3648,400,1751
1255,1100,1250,1763
3986,0,1300,1637
1824,0,1400,2060
3086,0,1000,1522
2038,0,1750,2038
1320,0,2100,2758
106,0,400,1780
1622,0,500,500
3765,0,590,590
1904,0,1250,1668
4443,0,1000,1342
4265,0,1500,2150
4098,0,1450,1517
930,0,1480,1883
578,200,600,1556
4174,0,1300,2100
1640,0,500,1104
3623,0,1300,1378
3014,0,2400,2599
3691,0,800,800
2547,0,1897,2517
253,0,700,1360
109,1400,1600,1650
4309,0,1100,1258
1382,0,1100,1683
841,0,600,975
3702,0,1600,1989
1045,0,1600,1849
612,0,600,1250
3110,0,1500,1650
2136,10500,1650,2200
3413,0,400,973
608,300,1000,1392
2786,0,650,1370
3577,0,1050,1282
2659,0,1435,1875
2530,0,1200,1668
2855,0,960,1031
2769,0,900,1200
3144,0,1300,2700
3403,1500,1350,1624
1830,0,850,882
338,750,1550,1600
2309,0,1000,1248
2141,0,750,784
4341,0,1400,1500
2228,0,450,500
2699,0,890,890
3360,0,1100,1100
2519,0,1200,1505
1543,0,400,1224
2341,0,850,1105
3877,2500,1300,1995
673,0,1000,1600
2479,2000,1000,1844
480,0,1050,1092
3692,0,800,995
3257,0,750,1139
3390,0,1000,1510
509,0,1000,1330
97,0,250,270
577,0,900,1100
2831,0,1700,2000
3728,0,200,625
2403,8000,900,2327
2557,0,400,700
1601,0,1000,1603
2349,0,1100,1192
2768,0,850,880
293,0,1200,1513
1645,0,1000,2256
2085,0,1300,1648
113,2500,1340,1740
2258,0,1100,1168
2232,0,660,933
3292,0,325,525
1141,0,850,1149
738,0,530,630
4273,0,350,410
2986,2000,750,1256
1245,2400,1000,1120
1168,0,1000,2750
831,0,1100,1310
3799,0,1600,1671
1691,0,1200,1823
4216,0,1100,1100
739,0,1200,1571
1790,0,400,1454
2326,0,1200,1952
1005,0,1000,1812
583,0,1100,1556
249,0,800,840
4324,0,1400,1650
3279,0,1100,1423
2317,2500,400,2575
4405,0,700,1381
1725,0,600,1097
1751,0,1220,1598
645,2500,1300,1569
4019,0,1250,1609
892,0,300,1111
4112,0,500,1650
169,0,600,1290
1391,0,325,400
3015,1500,800,1000
27,0,1000,1070
156,900,1500,5200
3250,0,1200,1800
884,0,900,1127
3319,0,1300,1675
4014,0,1700,1726
3024,0,700,925
2023,1500,400,1300
1040,0,1100,1256
4101,200,1000,1000
2414,0,1100,1670
3937,0,725,775
3038,0,500,1400
2656,0,1000,1346
3595,1500,1200,1341
2140,0,1600,4200
543,0,450,1403
529,0,700,818
1024,0,750,970
281,0,1000,1094
4391,0,1350,1750
4314,0,1600,2074
1194,0,1400,1430
3748,62,1100,1347
3751,0,1000,1045
3185,0,2000,2516
1128,0,600,1264
3008,0,2220,2220
2117,0,1450,1698
4142,1000,900,1428
2433,0,480,620
1154,0,1000,1931
1311,1000,1200,1538
4371,0,1150,1452
1147,0,950,1000
1617,0,1000,1597
2987,0,1370,1717
1233,0,1060,1134
2244,400,1000,1140
3759,3000,700,970
1018,0,850,989
2056,0,600,2467
90,0,1000,1292
4410,3500,1000,1151
2437,0,2000,2476
1737,0,1300,1850
386,0,1000,1500
1888,0,575,650
994,0,300,1200
800,0,1000,1313
99,0,1500,1713
1883,0,2000,3467
1173,0,200,1566
589,0,800,1128
554,2400,830,1128
935,0,2000,2216
1146,1200,700,2273
1428,15000,1200,1381
1934,0,1400,1850
1928,0,500,788
650,0,1300,1345
1197,0,1850,1890
3865,0,1320,1680
43,0,950,1150
3820,1200,850,1412
709,1200,1000,1480
1081,0,105,105
2332,0,1000,1560
3221,3000,300,1107
4203,0,1250,1263
2505,0,850,1400
3719,0,1250,1557
4318,750,800,865
2400,0,800,865
1534,0,800,1235
363,0,900,1290
4356,0,400,475
2700,0,1200,1503
2559,0,1500,1600
1796,0,900,1045
2600,991,1050,1158
2097,0,700,960
421,0,450,500
1484,0,2000,2961
1655,0,500,625
1577,0,670,857
4346,0,700,1355
3840,0,1450,1688
4040,0,1450,1546
1545,0,1200,1308
1682,0,1900,3088
2630,0,500,1196
1140,0,1500,1786
3006,0,1350,1381
1535,3000,850,1104
597,0,1100,1268
4229,0,1600,1739
647,2800,1400,1403
159,0,700,1422
1582,192,1400,1460
1404,1300,450,1437
3685,0,950,1945
989,0,1700,1700
2871,0,1400,1780
2703,400,1000,1912
4384,0,1100,1170
1923,0,800,1161
3830,0,1035,1410
979,0,750,850
4024,0,500,1200
1445,1000,400,1908
1281,0,250,355
3637,0,1450,1482
1096,0,500,550
1815,0,1200,1290
1210,0,1090,1565
3593,0,900,1220
857,0,1150,1294
1705,0,450,500
2339,0,1500,2600
232,0,1500,1500
1593,0,1100,1134
2168,0,400,450
724,0,1450,1585
2794,0,1400,1550
1611,0,1200,1599
3519,0,600,2120
2816,0,2500,3559
2507,0,1300,1422
2670,600,600,1100
3081,0,1000,1064
1125,3000,1200,2140
3959,2000,800,2400
1806,0,600,1150
447,0,1850,2150
947,0,579,1097
4048,0,930,930
1525,0,500,862
262,0,800,1781
2683,0,760,768
1723,0,1000,3081
266,0,1000,2200
2076,0,450,600
2884,0,1000,1731
559,0,1360,1362
1142,0,1600,1912
3673,0,1000,3429
1239,0,1100,1385
4147,0,900,985
3983,0,200,380
1316,0,900,994
2633,0,2300,2750
3117,350,1000,1580
1332,0,200,1240
607,0,1400,1748
1015,0,600,710
2202,0,1400,1635
3529,0,2300,2965
3308,0,375,1139
3869,0,850,1050
3968,0,500,600
3143,0,2000,2312
105,0,1950,2175
283,0,1200,1255
368,0,1000,2290
3176,0,250,1287
64,0,1000,1500
1802,0,1318,1318
3609,0,1100,2136
3731,0,1650,1900
3772,1200,1300,1833
1845,NA,200,300
1605,0,2500,3350
1402,3400,1250,1300
2424,0,1550,1850
3084,0,1370,1499
3242,0,800,1615
2192,0,1195,1244
4326,0,550,875
880,0,1600,1692
1444,0,1400,1460
3107,1600,1400,1883
2094,0,1150,1736
1588,4500,450,625
3753,0,1400,1928
2449,NA,1500,1637
500,0,800,1351
2390,0,4000,6700
1653,0,1500,1756
1129,0,1000,1104
3579,0,650,1258
1003,0,1000,1129
2553,0,300,2612
2515,0,1200,1300
2064,0,1150,1760
2965,0,200,1147
4429,2500,1300,2072
2720,0,900,1073
1565,4000,1250,1350
3318,0,1100,1350
2405,0,550,999
3574,0,1200,1512
2952,0,200,1871
3622,0,1100,1213
1983,0,1340,1340
2956,0,1000,1675
3047,0,1400,1852
3978,0,125,375
2892,0,1300,1392
3670,0,1100,1794
4251,4500,900,1000
1870,0,1600,1800
347,0,1850,2143
2850,0,800,1428
3614,0,1500,2164
2488,0,1250,1250
2790,3300,900,1073
3030,0,1400,1581
2344,0,350,1236
1831,0,750,857
2825,3000,2000,2477
733,0,1400,1590
3911,250,1600,1967
4094,1692,1900,2374
2115,0,2000,2196
3921,700,1000,1894
2007,0,2000,3318
46,0,1150,1300
511,0,1100,1759
1551,0,700,1460
576,0,340,900
102,0,1100,1610
4122,900,1500,3000
3963,0,850,875
1592,750,1200,1450
1703,0,525,625
803,0,500,1100
3907,0,1200,1297
553,0,900,1307
707,0,1000,1127
3531,30,1200,1200
3895,0,930,1007
1509,0,900,1056
141,0,800,1395
2757,0,1000,1226
2061,1485,800,1200
149,0,600,1528
4084,0,900,925
236,0,455,1542
3576,0,1400,1407
4222,0,1300,1500
4163,0,1000,1063
2044,0,1300,1409
3837,0,1750,1900
2615,0,650,865
2705,0,1000,11140
1030,3500,300,1600
1268,290,400,1198
901,0,1750,1950
860,0,1800,1849
3069,3000,500,1571
4387,0,1000,1454
3894,0,450,1196
1412,0,700,800
3425,900,300,925
2736,0,750,1092
3927,0,650,650
3708,0,350,850
2205,0,2000,2700
2104,0,1000,1300
3341,0,1070,1209
3854,0,1500,2084
2738,0,1000,1284
925,0,1400,1680
3540,0,1800,1921
3794,0,750,843
1220,2300,2000,2675
1500,0,1100,2080
2246,0,900,1286
4050,0,1600,1896
438,900,1500,2127
3369,0,1000,1500
2374,0,650,679
1270,1200,1200,1426
967,0,475,550
108,0,1200,1211
4323,0,950,1092
3980,0,500,550
791,0,350,1571
2170,0,280,434
1485,0,1000,1426
565,0,1000,1415
179,0,800,1138
3787,0,950,1589
3042,0,250,1092
3798,0,2500,3250
3960,0,1100,1110
2288,0,500,1230
3510,0,600,1098
2087,0,2000,2220
4267,0,1750,1998
1017,0,2350,2679
3399,0,400,904
407,0,1400,1775
1499,3000,1400,1702
2998,0,200,400
3433,0,950,962
2184,192,1330,1935
1984,200,2000,2284
2083,0,1200,1426
3003,0,400,1361
2592,0,450,530
1363,2000,380,1308
69,0,850,1205
593,0,800,875
833,0,1150,1770
350,0,500,1600
3007,0,300,425
477,0,800,975
475,0,1800,2600
3913,0,300,350
67,0,600,1000
702,0,300,1469
3881,0,400,450
3578,0,1300,1550
2461,0,2400,2500
1581,0,1100,1260
1589,800,900,1200
3809,0,450,750
1393,0,800,1450
4274,2800,1300,1332
1757,0,1250,1525
1681,0,1500,1670
3572,0,1500,1655
3040,0,1600,2120
2099,0,1000,1250
792,0,1000,1075
2367,0,600,925
2209,0,870,920
2967,0,1050,1273
4127,3000,1000,1156
3504,0,1650,1782
390,0,1300,1440
2925,0,1000,2188
430,0,890,1196
2889,2300,400,800
3172,0,1950,2276
1213,0,1300,1500
655,0,1600,1872
3445,0,1500,1610
2328,0,1000,1900
934,0,1450,1692
1514,1680,400,1320
591,0,1120,1395
1612,1200,950,1050
466,1500,1350,1414
1378,0,1000,2275
47,4500,2100,2104
1062,0,1200,1479
62,0,1100,1430
4220,0,760,860
4149,0,1200,1200
651,0,1950,2134
945,0,700,957
1997,0,1300,1683
2627,0,800,1150
2803,0,900,1486
3368,2000,1200,1410
3981,0,1800,2272
1027,0,475,690
826,1500,500,720
2771,0,1200,1350
3168,0,1190,1190
4113,5000,1400,1636
2880,0,1000,1479
3598,0,1000,2130
3350,0,400,435
1471,0,400,1136
4060,0,1000,1998
2431,0,1140,1143
200,0,1200,1257
3320,0,775,951
3676,0,900,1077
2764,0,1500,2755
4080,0,1287,1693
1875,0,740,2095
2474,0,825,1661
2899,0,1500,1643
2381,0,900,1430
4224,0,1000,1299
4363,0,600,1350
241,0,700,800
1287,0,1000,1077
2248,0,1000,1683
2116,0,1800,1979
4389,360,1350,1766
2781,0,550,2136
223,4000,1370,1375
992,0,1500,1900
3145,0,700,850
467,0,1500,1687
4002,0,1100,1565
1074,0,750,818
1395,0,800,1008
1863,3500,1200,2100
3838,0,850,1194
2231,0,780,1785
2793,0,2000,2228
3150,500,500,964
1095,0,400,1034
2941,300,1250,1565
1977,0,1200,1285
1971,0,1100,1378
1112,0,2000,2250
2013,0,550,750
1354,0,850,870
1085,0,600,675
2920,0,1400,1637
2922,0,1800,2213
808,0,950,980
3055,0,650,660
766,0,450,546
2914,0,1000,1148
2270,0,1700,2437
2306,0,850,884
3664,0,450,500
3166,1600,1000,1259
827,0,1000,2470
1230,0,2100,2450
1903,0,800,1250
2175,0,1500,1736
807,500,1050,1474
3912,0,1200,1460
2484,0,700,1580
3156,0,1450,2255
1447,0,625,1083
2625,0,1200,2676
3142,0,1500,1892
494,0,1850,2247
1642,0,970,1273
318,0,1500,1850
4209,0,1000,1928
1127,0,860,970
1559,3000,400,882
1692,0,1000,1303
2809,0,645,895
2813,0,1000,1500
3417,0,400,1721
4207,0,1000,1800
937,0,425,750
2354,0,1400,1640
2766,0,1600,1707
3046,0,1050,1351
749,0,900,1060
465,0,1400,1626
335,0,800,1380
1114,0,1500,1594
1993,280,800,950
3974,0,1250,1463
2722,0,1200,1642
1176,0,900,1127
2009,0,1000,1338
3346,0,900,1307
3786,0,1400,1513
2933,0,800,1157
4435,0,1200,1700
233,0,800,1200
60,0,800,1324
4026,0,1100,1622
2106,0,1300,1534
2893,90,300,400
1088,0,475,1323
3675,2000,1000,2236
1835,2000,1550,1750
2571,0,1500,1737
762,0,1700,2173
875,0,600,750
2014,770,1200,1483
117,0,800,800
2415,30,1400,1410
2146,0,550,2055
1573,0,800,992
1524,0,1350,1819
3113,0,600,1135
2698,0,1200,1531
4039,0,900,950
155,0,1400,1426
2501,0,500,1017
370,2000,500,1039
2604,0,1300,1400
1687,500,1700,1888
1799,0,1700,1878
2760,700,1600,1776
2901,0,600,1418
2426,0,950,1169
1836,0,370,1555
3530,0,650,1255
2999,0,1700,2963
4175,0,1200,1322
2663,2300,1350,1550
2018,0,1350,1729
1518,0,1200,1731
3929,0,700,800
203,0,1700,2195
4308,0,1300,1365
3422,0,1000,1125
2496,0,550,575
2581,0,1200,1450
1242,0,600,994
991,0,1200,1677
1641,0,800,1373
2093,5700,600,1628
373,250,300,500
3184,0,800,1150
3465,1300,1550,1584
3140,1000,700,1083
1731,0,1350,1364
684,0,375,460
634,0,650,1695
2512,0,350,865
1981,0,1350,1610
4058,2000,800,1214
1406,0,580,923
358,600,1550,1600
3043,0,1080,1152
2932,3500,700,760
3832,0,1100,1300
1953,0,800,1804
1546,0,1300,1350
1156,0,1250,1590
1340,0,900,1100
5,0,310,910
1808,100,1000,1429
1749,0,1100,1664
391,0,500,1030
2951,NA,4000,6146
2701,0,600,750
3533,0,1200,1200
356,0,1600,1780
2641,360,400,450
4211,0,700,2300
3269,0,1000,1098
1180,0,480,1910
3249,0,2000,2100
1715,0,1000,1297
1533,0,900,1472
688,0,1250,1517
3690,5000,1250,1542
2629,0,800,1694
3668,0,900,1152
2201,0,800,1054
4118,0,1000,1100
2866,3000,1500,2163
2242,0,1575,2082
835,400,250,1035
432,0,1200,1420
3851,0,375,675
924,0,1150,1386
3229,0,900,1059
4162,0,400,985
190,0,700,700
4390,0,1150,1234
879,0,970,1264
1049,0,650,1136
929,0,750,1255
2556,0,1000,1000
2055,500,1100,1263
2039,0,350,350
3393,0,820,1205
3009,0,948,1148
2282,0,250,250
3181,350,375,475
1388,0,1200,1616
3214,0,1385,1385
1922,0,1350,1498
865,0,1250,1332
1720,0,150,550
1411,0,1100,1729
2799,0,580,1380
3075,0,1000,1015
1193,0,800,932
1693,0,1700,2290
2580,0,550,550
1602,0,500,1633
1494,0,1300,1410
74,4000,800,1593
3436,0,1000,1295
1657,800,2250,2850
3569,1000,1658,1675
3584,0,500,1154
2222,0,300,460
4432,0,1500,1642
1337,0,500,1400
2237,NA,800,1651
3207,0,1100,2111
1684,0,600,1690
4400,0,1150,1705
2322,90,900,1501
1531,0,1000,1809
2169,200,960,960
2594,0,1500,1788
4366,0,1000,1650
3836,0,1300,1663
4219,0,800,2014
3626,0,700,750
4307,0,800,981
795,0,300,450
3917,0,550,587
4217,0,1200,1350
3497,0,870,1480
3654,0,1350,1650
3629,0,1360,1435
2080,0,1150,1400
3372,0,860,965
4378,0,1000,1245
2331,0,1500,1753
3451,0,500,600
353,0,890,990
557,0,1920,1920
703,0,1000,1556
3149,0,2000,2221
4180,0,550,1440
2137,0,1200,1541
4210,0,500,900
2620,0,1450,1786
670,2900,1200,1698
704,0,850,1720
2095,0,1000,1831
2981,0,1200,1431
3231,0,550,650
1385,400,1200,1796
784,0,600,1131
2614,350,1300,1588
188,0,1200,1423
2888,0,850,1000
1098,0,550,550
926,0,400,450
1583,0,675,1387
3001,0,1000,1000
1929,0,2000,2532
2158,0,950,950
4012,0,1000,1893
610,0,300,1275
279,0,650,2132
1501,0,610,1027
2189,1408,550,800
1166,0,1200,1881
515,0,350,1500
2478,0,500,1171
571,0,1020,1600
939,0,1100,1242
4055,0,1400,1500
3502,1300,1200,1410
2551,0,1500,1740
1396,0,1000,1489
932,0,2500,3070
2861,0,550,1499
280,100,400,570
2430,0,1400,1714
4406,0,750,778
522,300,1200,1265
990,0,500,1850
3484,100,1100,1392
3585,2000,1000,1460
1214,3300,700,994
2409,0,1000,1297
2260,0,800,900
3653,600,1000,1175
851,0,400,550
2719,0,800,1479
3138,0,1000,1025
3307,0,1250,1499
661,0,400,1400
3432,1690,1100,1127
642,0,1300,1490
2338,0,1300,1608
2539,0,675,1146
451,3000,870,1147
2724,0,1000,1058
4431,0,400,1115
3521,0,600,1164
4128,0,1150,1200
4148,0,750,1923
4156,0,400,775
4444,0,1500,1656
1672,1500,1400,1432
1205,0,978,1338
758,0,1571,1571
3208,0,400,1100
1392,30000,750,1350
961,500,940,1133
2234,0,1320,1600
1310,0,125,125
3607,180,1000,1457
30,NA,1500,1850
812,0,675,675
1887,0,1600,1700
1294,0,1300,1333
3864,0,360,865
496,0,950,950
4241,0,1200,1500
623,0,1000,1469
2658,0,500,2700
1083,0,1250,1816
2233,0,1000,1795
1052,0,850,1129
1347,1500,1500,2155
54,1200,900,1015
2126,3000,760,895
1880,0,1000,1000
987,1200,900,1400
2108,1400,1400,1568
3803,0,1000,1395
352,75,1250,1284
3589,0,400,450
3167,0,200,850
3440,0,1050,1521
2417,0,1400,2067
1759,0,700,1610
3878,0,1250,1399
664,0,1400,2125
1092,0,925,1350
260,0,250,375
613,0,1000,1560
817,0,800,950
3225,0,800,800
4425,0,2200,2500
1145,0,1080,1428
3312,0,975,1140
402,1500,400,1591
4044,0,1000,1200
87,0,600,1054
3052,0,1800,2208
398,1500,1000,1191
4360,0,1200,1588
1398,0,1000,1156
3035,0,1000,1034
2868,0,350,899
1920,0,1200,1366
960,0,600,1600
3159,0,800,1450
3763,0,1500,1661
48,0,1500,2154
310,600,500,1193
3343,0,1750,1850
4321,0,1065,1165
2026,1000,800,949
3199,4380,1400,1423
2815,0,1000,1600
2804,200,175,175
4186,0,1250,1500
1907,0,500,1909
4105,0,600,1300
4315,0,1500,1543
3441,0,1350,1595
1656,0,1350,1519
621,0,850,1100
1434,2000,1570,1914
1858,0,2500,2976
3541,0,750,1624
3815,0,1390,1594
123,3000,1800,2100
1291,0,450,997
1941,0,1500,1637
4404,0,1442,1597
2565,2200,1200,1530
377,0,1100,1674
995,0,250,1456
1878,NA,700,1229
4103,0,900,925
816,0,1600,2600
774,0,1400,2360
1567,0,800,1228
2308,0,1250,1650
2691,0,1332,1332
2647,0,1100,1358
778,0,700,1136
126,0,2380,4786
2128,0,850,1344
2075,0,325,1365
18,2000,600,1350
625,0,1150,1150
342,0,1100,1500
3378,0,850,1015
745,0,800,935
619,2500,950,1177
1002,0,2000,2536
2130,0,700,1338
2603,0,250,400
2289,0,750,954
452,0,1100,1194
3396,0,1000,1389
132,0,1400,1524
635,0,900,1547
3945,0,1500,1699
440,0,1200,1570
14,260,600,940
502,0,1000,1037
3922,0,1200,1570
2425,0,600,1350
3646,0,800,1300
3648,0,200,350
1405,0,1100,2120
2576,0,1100,2235
918,0,400,1608
42,0,900,1167
1298,0,400,872
2651,0,1000,1135
2375,1100,1500,2730
863,0,1800,2281
3338,300,3000,6900
1364,0,700,1420
187,96,1100,1642
3514,0,830,1000
2595,0,1050,1054
3071,0,1900,2150
2829,0,1000,1587
1218,0,300,1336
3544,0,1100,1350
133,0,1300,1730
4421,1800,1150,1180
2274,0,850,1000
3898,0,2200,2433
530,0,650,1017
327,0,1450,1482
4380,4800,900,1232
218,0,1000,1218
1110,0,500,635
158,0,1200,1449
3764,2000,300,1248
1313,0,350,450
700,0,1800,2215
2821,0,1300,1500
3387,0,600,1468
2329,0,1000,1163
287,0,1500,2673
1886,0,850,1044
1779,0,1300,1696
3710,0,830,935
1117,0,1390,1390
4248,0,850,984
750,0,350,600
2410,2000,200,1338
679,0,700,700
1595,0,1000,1230
3332,0,1300,1926
1427,0,1600,1786
520,0,1500,2178
524,0,1350,1471
3630,0,800,1649
453,0,700,825
150,0,1200,1298
2196,0,325,425
3471,0,1130,1275
3418,0,1600,2131
2131,0,1100,1489
3133,0,990,995
3552,0,1200,1311
2027,0,850,930
1812,NA,1650,2261
748,0,500,820
4125,0,1000,1340
3640,0,900,977
1807,0,1800,2292
718,0,1400,1400
3871,0,940,1149
4135,0,1800,2320
1379,0,1000,1350
742,435,1500,1627
3848,0,200,1447
3371,0,1500,2100
736,0,1000,2008
3547,0,800,800
219,0,1000,1419
3824,0,1500,1736
1251,0,325,450
4172,0,700,1000
560,0,1700,1770
2150,0,400,425
2448,0,1000,1097
3410,4500,1650,2060
3,0,2000,2985
3032,0,400,2305
3662,0,600,2724
3266,0,800,1701
2708,2000,1500,1599
2177,0,225,375
275,0,900,1048
3947,0,450,550
81,0,1000,1436
294,0,3000,3300
671,0,1000,1279
1042,0,1850,1852
325,0,1190,1390
395,4500,1400,1700
3067,0,1150,2100
1614,0,1800,3669
3977,400,1200,2062
871,1200,1100,1900
1985,0,1350,1445
137,2500,900,1110
1295,0,750,850
4047,5000,1900,2115
2606,0,1200,1515
889,0,2400,2800
2668,0,1800,2800
4074,NA,1895,2596
1574,0,1500,1525
2640,0,1000,1387
2841,0,1400,1668
2753,2640,1400,2038
3435,0,800,850
371,0,800,1218
1366,0,1450,1604
2257,0,1000,1310
1174,80,1400,1833
1668,0,1000,1887
3286,0,1370,1403
793,0,1200,1590
324,0,1000,1335
84,0,1000,1300
4075,0,700,2700
1849,0,795,1458
367,0,860,1113
3718,0,500,1195
2345,0,700,1631
3663,0,675,675
4205,3000,600,999
908,0,950,1705
1066,0,1000,1670
1482,3378,1400,1703
870,0,800,950
4353,0,700,1715
3701,0,1600,1678
1390,0,1900,2150
3991,0,1100,1303
2152,0,660,933
3669,0,1000,1460
3645,0,1157,1200
1260,0,850,960
3962,0,1550,1621
1719,0,1000,1147
2245,0,1400,1531
2636,0,700,1465
3603,0,1400,1829
2283,0,700,960
1022,0,650,1295
2366,0,1200,1636
3203,0,1300,1572
599,0,1470,1480
53,0,1200,1274
392,0,1200,1366
198,0,1177,1300
1417,0,1150,1301
1249,0,835,1356
1924,0,1500,1813
3534,0,1500,2500
3758,0,900,1400
194,0,500,1706
1943,1000,500,1825
73,0,600,1025
3381,0,1500,1878
1842,0,400,428
12,0,650,915
3376,0,1500,1734
4173,0,375,450
405,0,1150,1600
3729,0,1500,4000
1949,0,2000,2261
2808,2600,600,1290
2269,0,900,1014
602,2160,1650,2100
2939,0,1100,1850
943,0,580,580
3555,0,700,1888
3516,1100,700,2093
3423,0,880,940
3330,0,700,1350
2020,0,1300,1450
2073,0,400,824
131,0,950,1179
882,0,1000,1386
237,0,1200,2186
2389,NA,1350,1562
3361,0,400,800
3829,0,350,550
1889,39,660,1461
898,0,1300,1855
375,0,1300,1553
4397,0,1720,2084
3546,1500,300,315
2619,0,1000,2318
369,0,1000,1578
606,1440,690,1000
2092,0,1800,2218
4073,700,600,700
3488,0,800,1520
2313,400,400,1717
4000,0,1550,1985
412,1810,1600,1930
2096,0,900,1041
3704,0,600,943
2406,0,500,1839
4287,0,535,585
4194,0,1100,2400
2337,0,600,1243
1916,0,400,1127
4279,0,1300,1700
1160,0,1450,1473
2962,0,1000,1640
2788,0,850,1934
4144,0,1100,1250
3943,0,1500,2700
2800,0,1150,2000
1879,0,1600,2075
4350,0,1500,1517
533,0,1000,1800
3336,0,1300,3626
208,0,1500,1514
2398,0,1200,1463
1468,2700,300,500
4053,0,1600,1763
2660,0,500,1253
1788,0,2700,3560
464,0,1200,1250
1441,0,500,1050
587,0,500,2624
1848,0,1000,1057
3551,0,1850,2034
1874,0,800,1000
3467,1380,1000,1582
3397,0,1000,1529
1597,0,1100,1335
3362,0,1250,1262
2206,3200,1000,1455
1329,0,1000,1209
4119,0,1200,1318
9,0,1200,1957
3550,0,800,1023
261,0,700,1045
4336,0,1340,1350
2227,0,190,693
1616,0,1400,1490
997,0,500,960
2320,0,1000,1252
3050,0,850,1338
2387,0,900,1300
2042,0,1700,1700
4130,0,900,1310
3538,0,800,1270
437,0,950,1057
2648,0,1500,2038
3806,0,1700,2081
295,0,1030,1250
3679,0,1300,1591
4439,0,1400,1645
4254,0,550,1240
596,0,1000,1207
3807,1000,1100,1653
1851,0,500,800
1947,5000,1900,2260
3698,0,900,1193
1466,0,500,700
3427,0,500,1080
1384,0,900,1399
4184,0,600,1100
1932,0,500,1504
911,0,300,1479
4259,0,1600,1924
4430,1500,650,700
4155,0,1650,1659
3226,0,1300,1700
3136,0,1500,1500
658,0,2075,2253
2412,1394,900,1082
3644,2100,1500,1950
1742,0,1000,1295
765,0,1200,1425
3258,0,1200,1425
270,480,700,1400
4171,0,850,1371
4176,1000,1400,1720
1059,0,1250,1346
1010,0,1400,1800
1724,0,1500,1812
1763,2000,450,1388
3031,0,1000,1183
1257,0,1370,1714
1021,0,700,700
3699,0,800,2215
3048,0,650,725
3333,0,1200,2150
354,2800,600,1125
3455,720,1650,1930
2396,0,350,950
1844,0,175,225
1685,1000,1100,1650
3588,0,1500,1550
2508,0,300,365
2301,0,300,400
2334,0,750,1374
2486,2200,1350,1609
727,0,1100,1375
695,900,1000,1606
4263,2700,1100,1516
288,0,1200,1630
2923,0,1000,1895
1035,0,1000,1282
1816,0,687,687
3344,0,525,600
2798,0,1800,2091
330,0,1000,1180
3111,0,800,1900
408,0,700,1224
3618,0,900,1088
3883,0,700,1665
4034,0,1300,1300
224,0,1000,1595
3491,0,1200,1400
3227,0,1900,2440
450,0,450,994
4348,0,500,585
3844,0,900,995
4134,0,500,1700
2279,0,450,1188
2527,0,1100,1628
1968,0,550,590
1181,0,1050,1493
1256,0,1400,1813
1956,3000,850,1340
2135,30,1100,1409
1204,1500,1500,1540
1864,0,1700,1985
3121,0,1100,1930
2220,0,1000,1067
3122,0,1250,1310
878,9300,700,1111
1620,1800,1000,3313
258,0,1300,1604
2830,0,550,1546
824,0,400,1242
2157,0,600,830
1355,0,1300,1600
3068,0,200,1200
950,0,960,962
3756,0,1350,1352
3506,112,1300,1346
1299,0,600,1104
3949,0,2000,2315
3026,0,1400,1453
4221,3000,1150,1292
1121,0,1100,1172
2212,0,1140,1461
2818,0,500,650
488,0,1000,1387
2910,0,1150,1150
3733,0,1000,1693
3942,0,650,650
1407,0,1000,1161
2838,0,1450,1625
2502,0,1600,1601
2671,0,1000,1303
2774,0,1200,1302
328,0,1900,2357
2979,3000,2300,3295
58,0,500,1048
3060,0,1570,1671
2438,0,1200,1730
2276,0,1280,1879
2650,0,1600,1800
1716,0,700,770
1834,0,400,1062
2639,0,1000,1056
4445,0,1200,1496
4262,600,1200,1569
2411,0,1000,1492
641,0,700,1340
3255,400,1000,1398
3259,0,1000,1211
3511,480,1100,1289
3428,500,1300,1725
676,0,1550,1904
443,0,700,825
2856,840,900,1050
2596,0,250,350
3158,540,970,1270
2810,0,660,1212
3667,0,1300,1525
1954,0,1400,2099
2631,0,400,600
1019,0,1220,1505
1732,0,1100,1427
166,0,930,945
2101,0,1000,1888
1906,0,1100,1300
2369,0,1800,2417
1345,0,900,2040
2277,0,1635,1635
2397,0,850,1213
17,0,1500,2201
4311,0,1050,1087
4449,0,1200,1300
3633,0,800,1117
2123,0,800,1115
1823,325,750,850
436,0,1300,1500
811,1641,800,1376
2164,0,950,1339
2930,0,800,1560
80,0,900,1360
2992,0,1126,1631
1662,0,600,670
2247,0,1050,1190
3211,0,1400,1958
3812,0,1500,1641
3861,0,1100,1289
858,0,650,710
920,0,900,1320
3174,0,1795,1795
1519,0,750,830
3559,0,1250,1250
3406,0,200,1083
300,2000,750,1194
1914,0,175,475
1798,1000,1275,1325
855,1000,600,1890
1860,0,1100,1481
2066,0,1250,1650
3924,0,500,645
471,4800,700,1400
1502,1000,1800,2260
1034,0,512,1255
521,0,1000,1642
3082,80,800,825
1418,0,1000,1198
444,0,2150,2152
2777,0,900,1541
2540,0,1100,1650
3246,1200,1575,1611
348,0,170,1394
919,0,1300,1585
2393,0,500,1532
2199,0,1800,2196
2797,0,1000,1275
4234,0,1300,1700
4294,0,250,450
1813,0,1150,1397
2969,0,680,1682
1186,0,450,650
1701,0,1500,1750
3892,0,1000,1230
3870,150,700,850
1437,0,800,1197
2593,0,1200,1500
1669,0,475,500
349,0,200,425
3056,1500,1200,1438
2060,0,1500,1967
2243,270,1400,1461
2610,0,1600,2222
4247,0,1000,1471
3655,0,600,1100
1036,0,900,1168
4393,2800,300,1373
273,200,1000,1342
4367,0,1000,1197
2477,0,1200,1590
2558,0,980,2981
2612,0,700,1380
3499,0,900,1159
3194,0,1000,1197
3652,0,1580,1785
890,0,600,960
205,0,1100,1203
118,0,460,470
1072,1000,1100,1175
4150,0,650,795
385,0,200,957
2490,0,600,1690
3380,2500,1550,1555
339,0,1200,1400
400,0,2200,2441
1077,5000,1000,1323
1265,0,1150,1163
2142,0,1000,1541
1106,0,400,790
3304,0,1800,3300
4296,0,1000,1535
1706,0,1475,1475
2266,200,800,1218
852,0,1000,1556
2526,0,1300,1743
3252,0,1300,1500
355,0,1000,1267
213,0,1000,1035
2275,0,900,1635
2211,0,500,1350
3523,0,180,350
3355,0,1000,1798
2812,0,2000,2529
3951,0,2500,3542
32,0,400,400
3782,0,1580,1925
394,20000,1500,2340
3256,0,1600,1642
4153,2500,1000,1200
2995,0,200,748
3700,0,270,1676
4233,0,1000,1090
3740,0,500,500
1608,0,1250,1549
2964,0,700,1250
3697,0,600,888
2843,0,800,800
28,0,1800,2557
1099,0,1300,1695
2569,0,1300,1310
1649,0,887,887
376,0,1000,1626
3808,1700,1500,1985
71,0,900,2214
3715,0,700,950
2327,0,375,375
909,0,1000,1307
660,0,1450,1992
1247,0,900,1111
2032,1100,800,1246
653,0,250,400
949,0,763,913
534,0,1300,1394
3287,0,1000,2193
2187,0,500,650
3813,0,1300,1359
615,1,500,1045
491,0,1350,1453
1516,0,700,1700
1652,0,550,700
418,100,500,1300
1603,0,500,1104
618,0,500,1600
104,0,650,650
4351,0,500,2038
1585,0,1450,1610
3860,0,400,1234
2330,1800,1000,1206
2485,0,1400,1490
2835,0,750,900
2499,0,900,1092
2548,0,1700,1957
3904,0,1500,1935
4018,1170,700,837
3446,0,600,790
3094,0,390,590
3792,0,450,900
1506,0,800,1158
1756,0,350,975
1415,1500,1000,1193
3097,0,1889,1889
1032,0,600,980
1269,0,1650,1688
706,0,1000,1191
2881,0,1000,1600
2752,0,1000,1000
157,0,900,1503
1065,0,1000,1606
1726,0,1465,1544
1944,300,800,960
2860,0,650,730
1286,0,240,1275
3027,1600,900,1178
4373,120,1600,1689
1995,0,500,800
4227,1000,1450,1499
3747,0,950,989
977,0,1000,1388
3247,0,1300,2300
1259,0,700,814
2642,0,1200,1609
4146,0,1000,1200
1236,0,1900,2100
229,200,1800,2624
3492,0,1450,1850
2782,0,1400,1732
3061,0,1500,1683
646,0,1400,1937
1001,0,850,989
1410,0,1060,1274
1839,0,1700,1875
3886,0,900,975
4399,4500,1600,1665
1439,0,600,785
1094,0,1000,1100
1430,1800,1300,1590
3192,2500,1000,1189
2686,4000,1300,1511
893,700,1000,1040
1819,1500,700,1296
1429,0,1000,1152
2049,1600,700,1400
1460,0,300,1056
549,0,1210,1450
383,0,1000,1300
2728,0,800,1084
2714,0,1200,1830
3928,0,4000,4500
3775,4500,1000,2008
3019,1000,900,960
2200,0,900,975
715,0,1055,1430
2447,3000,1450,1970
611,6000,1500,1758
1811,0,400,1415
4083,0,1200,1236
493,1000,800,1350
903,0,1100,1600
3553,0,1500,2037
1575,0,1500,1600
4403,0,300,1064
3461,700,1300,1375
873,0,1300,1700
1401,0,1300,1627
944,0,850,1403
2886,0,1000,1250
3784,0,850,1260
4025,0,2000,2203
1150,0,350,800
2897,2500,1350,1425
29,0,600,1600
849,1500,1250,1525
1013,0,1600,1750
2555,250,1100,1288
3880,0,594,1332
2898,0,325,1626
1998,0,1500,1575
1328,0,500,646
3611,0,900,1763
1171,0,1400,1689
535,0,250,400
2560,0,1100,1472
1913,0,700,2243
172,0,1350,1637
1658,10,1400,1565
3013,0,1000,2445
2253,0,500,650
225,0,984,1054
1026,0,500,1495
3487,1500,500,983
1643,0,900,1555
448,0,1340,1771
2238,0,600,650
1679,0,1100,1222
2905,0,1000,1537
2285,0,500,800
252,0,1200,1200
1938,0,500,1116
151,0,300,600
4277,0,1900,2230
2280,0,1300,1750
1222,300,800,1606
3134,1200,900,1612
2626,0,800,975
2102,800,1600,1852
259,266,1000,1241
3990,0,1150,1470
525,0,260,1440
185,0,1200,1200
4031,1500,450,550
2216,0,1000,1350
1569,0,800,1064
3608,0,750,800
1991,1200,1500,1558
3796,4000,800,1336
2292,1700,2050,2050
3781,0,920,1021
1646,0,1510,1625
340,3000,1000,1520
2148,1950,275,300
1069,0,1400,1500
3563,0,1300,1498
2229,2969,1650,1750
1564,0,480,1481
3295,0,1600,2500
3833,0,525,1771
1271,0,1000,1466
3444,1125,700,1226
4286,0,1200,1233
1869,0,1300,1682
1276,0,850,998
3059,0,1000,1622
2649,0,600,1243
3468,0,650,1243
7,0,1600,1800
4398,1900,700,1780
575,1500,1200,1532
2993,0,500,650
2455,0,800,1452
3486,0,950,1241
1462,0,1300,1600
4364,0,2700,3100
1584,0,700,1340
4340,0,800,1400
2250,0,1200,1271
1526,0,1175,1800
3724,0,800,1578
4365,0,800,890
1555,850,1100,1340
2444,0,1000,1641
3600,0,950,1215
2293,0,850,1618
10,0,1200,1468
1448,800,700,1073
2440,500,350,625
1356,0,900,1061
2791,0,830,1152
4068,0,3000,3745
3965,0,800,2263
3402,2000,400,1309
4347,0,700,985
3915,0,1500,1700
4330,0,1000,1390
508,0,1600,1604
1136,0,700,719
2323,0,800,800
4284,0,1200,1600
4091,0,1150,1325
4104,0,1200,1537
428,0,900,1201
3213,0,1400,1526
256,0,1200,1390
4358,0,3000,4250
626,0,675,675
3554,0,250,800
4343,3000,1100,1291
4339,0,700,985
1974,0,600,1607
3011,0,400,1367
854,3800,1000,2470
3400,1751,225,375
3774,0,1000,1160
537,500,1220,1433
2491,0,1000,1353
1699,0,900,1150
3349,0,600,1298
874,0,450,1318
140,0,500,886
2567,0,650,650
3323,0,1200,1343
2267,4000,1600,1601
981,3300,1350,1600
3373,1500,1400,1732
3356,0,1800,2208
2163,0,1100,2035
4255,1000,900,1084
234,0,1150,1555
1207,0,800,1137
3822,1800,1050,1303
3706,2000,540,1102
1389,2400,100,1492
78,0,900,1100
4070,0,900,1189
2535,2000,1700,1719
3817,0,1300,1863
897,0,1270,1613
601,0,2000,2168
2021,198,400,790
3049,1700,1000,1560
616,0,425,500
712,0,1300,1404
127,0,1400,1478
581,0,1200,1338
2613,0,400,400
4328,0,900,1560
4188,0,1000,1536
1367,600,1650,1800
119,0,950,1370
3571,0,2500,2600
2877,1000,1300,2500
3665,0,2000,3400
562,0,700,1225
956,0,1000,1250
2589,0,1100,1200
794,0,1600,2200
2522,0,1050,1348
558,0,800,1298
2562,0,1150,1715
3415,0,1000,1270
973,0,1000,1257
3613,0,400,400
1190,1000,800,1602
3800,0,500,1705
3612,0,800,1263
3092,2000,700,782
4081,0,300,1397
3475,0,1000,1341
2570,0,1100,1487
292,3700,1400,2050
44,3000,1250,1566
845,1300,1100,1318
1426,0,1400,1968
1380,3000,600,745
2980,0,1300,1726
1896,1100,1250,1550
1397,0,550,1679
1383,0,525,800
4063,300,450,1522
1046,0,1400,1600
4411,0,1500,2554
3367,0,1000,1647
285,1700,1700,1714
2545,0,600,1680
905,0,350,875
2681,0,1200,1214
1175,0,940,1127
2709,0,1550,2100
1301,0,500,827
1348,0,2000,3400
1988,672,1300,1510
1821,0,500,1400
3650,0,400,550
4300,0,1400,1550
441,0,250,650
2120,0,1500,2360
4193,0,800,907
1292,0,700,950
822,0,2100,2500
4375,800,1100,1300
663,0,1500,1749
2852,96,600,1253
1689,300,1590,1597
4370,0,900,1177
2162,50,1250,1484
4181,0,1000,1000
4335,0,2000,2500
4282,0,1070,1500
2744,0,1500,1889
2574,0,1300,1450
1459,1500,1600,1866
2161,0,1420,1595
3263,0,650,1177
1016,0,300,1268
3909,0,1050,1485
1882,0,550,600
4120,0,1143,1143
3617,0,400,1541
82,0,550,612
986,0,950,1286
4086,0,450,600
3114,0,1250,1250
632,0,950,1200
2167,0,600,1400
3456,0,375,870
753,2000,1000,1164
115,0,670,963
3452,0,1000,1000
2972,1000,1500,2000
306,0,1400,1600
481,0,900,1100
3952,0,1400,1628
1051,0,700,1104
2731,0,1000,1843
1458,0,1640,1649
1196,2432,1520,1670
1814,0,930,1135
2783,0,1000,2095
2254,0,1800,2450
1647,2000,1500,1768
638,2000,800,1567
1604,0,200,600
4253,3000,1000,1400
3920,0,1000,1300
3647,0,1200,2206
2582,0,1400,1423
1513,0,1000,1310
2303,0,1200,1823
2497,0,750,1192
2107,0,1000,2018
3899,0,1250,1499
344,250,600,1292
3131,0,1130,1130
2970,0,1000,1530
4158,0,250,1003
902,0,500,2058
2715,3055,1400,1581
2065,0,800,1293
1553,0,400,1195
1442,0,500,1150
2463,0,650,824
4079,500,800,1800
2822,0,1600,1895
1578,1500,1650,1679
2089,0,1000,1751
1952,0,800,800
2359,0,1020,1648
1371,0,300,480
1536,0,1800,2309
357,0,300,1298
2210,0,600,1011
3074,0,1600,2202
3628,0,800,1037
4092,1122,400,850
1126,0,1250,1365
2940,0,1400,1700
2988,4800,1500,2519
1457,0,800,1687
1966,0,1700,2481
231,0,600,1105
3000,5500,2000,2552
497,0,1800,2154
3847,0,300,850
891,0,750,873
518,0,2200,2625
1833,0,250,1400
4361,0,1543,1668
2476,0,3875,5175
4426,1700,1400,1735
3155,0,1350,1520
1549,0,1700,2329
1108,2000,1500,1615
170,0,1300,1581
38,0,800,1200
1493,0,770,872
829,0,1000,1655
1033,2000,1400,1602
478,0,1200,1274
2352,0,400,1100
317,0,600,1542
3995,0,1300,1345
183,0,1400,1589
2948,0,500,950
3512,0,1000,1658
1047,0,1100,2471
982,0,1200,2022
1769,0,350,400
1079,0,1100,1365
2834,1600,875,875
3278,0,1700,2278
3703,0,2000,2684
1745,0,1300,2276
1895,0,800,1300
2546,0,730,1070
1594,0,375,575
3235,0,820,1323
3526,3600,1250,1550
4191,3600,600,1699
3483,0,500,1131
3539,0,750,1674
1957,0,500,1500
975,0,1100,1408
4293,0,1250,1655
128,0,1550,1568
3687,0,1000,1500
3171,0,475,1080
1350,0,750,1350
3979,0,850,1195
55,0,500,1701
2466,0,1000,1189
3972,800,1600,2500
2711,0,100,560
3896,0,900,1299
1102,0,950,984
3828,0,1000,2246
2215,0,400,1195
267,0,770,1119
4433,0,1200,1678
1942,0,400,400
536,0,850,940
3224,0,1200,1820
815,0,1130,1130
732,0,500,1569
2041,0,625,725
3375,0,265,300
2900,0,1050,1342
4428,0,875,1098
4377,0,750,1367
2955,4000,1000,1200
4319,0,700,1800
129,0,650,1056
315,0,1400,1419
2124,0,500,1634
4396,5000,1400,1508
3720,0,750,865
314,0,1000,1790
3694,0,2250,2758
2422,0,1300,1813
1472,0,1300,1813
2025,0,1600,1856
1677,NA,1350,2172
2259,0,700,1461
1413,500,400,1432
211,0,1000,1048
3351,0,1050,1410
1767,0,300,495
3477,0,1100,1100
1621,0,1400,1496
2873,0,1000,1484
3303,0,900,912
3954,0,1100,1265
3274,0,800,1800
2587,0,1000,1383
2012,0,1050,1490
2807,0,1000,1172
983,0,1200,1200
3821,0,500,1131
3933,1000,1000,2191
2638,3000,2300,2936
3363,0,1200,1373
1177,2040,1000,1093
4275,0,2800,4200
250,0,1260,1634
4298,0,1400,1995
173,0,1275,1275
711,0,950,1544
1671,0,600,943
3525,0,800,1173
3437,0,1350,1419
130,0,1000,1608
2947,6300,1000,1650
209,900,400,750
1158,0,800,1465
1495,0,1000,1055
147,2000,850,850
2385,0,2000,2300
1868,0,1300,2125
1632,0,800,889
1613,0,500,1686
1925,0,1500,1800
2072,0,500,1600
1862,0,1000,1594
1297,0,775,875
720,0,1000,1200
3594,0,1200,1283
972,0,1500,2610
2183,0,1350,1357
3580,0,1100,1871
1416,0,1400,1728
103,1000,600,1030
2598,0,800,982
1572,0,1300,1582
4394,0,400,965
4385,0,1900,2320
678,0,1300,2810
588,0,400,925
2542,0,900,1097
3201,270,1000,1119
4042,0,800,1250
101,0,1500,3262
1517,0,950,1566
3294,0,1050,1156
3309,0,600,1446
3474,0,800,1310
3948,1500,900,1715
1250,0,1500,1600
2001,0,750,900
1771,0,1200,1240
3973,0,1100,1131
3914,0,875,950
1408,0,1500,1698
320,2500,1200,1888
2696,0,750,1720
1761,0,1200,1506
1182,0,700,819
988,850,600,1638
503,0,1200,1202
1618,1000,700,1100
2672,0,1000,1338
1673,0,1300,1573
1275,0,360,363
3791,5000,1200,1400
3604,0,1030,1197
3291,0,650,900
3335,2000,1980,2126
337,0,850,1263
2062,0,1450,1450
2780,0,1000,1084
693,0,1900,4063
4192,0,700,1332
2811,0,600,1661
1165,0,500,625
1856,0,1350,1518
1353,0,150,400
2531,0,600,790
3267,0,1300,1841
3188,0,400,750
2240,800,700,795
1791,0,1000,1844
304,400,1150,1406
1730,29,900,960
3466,0,1800,2287
931,200,375,375
2837,0,1350,1750
547,0,2375,2375
3932,0,575,775
1201,0,650,1852
1752,0,1300,1750
4010,0,1100,1184
1386,0,1300,2262
3306,0,3000,6468
2903,0,350,555
2423,0,2700,2957
1492,0,870,875
2872,0,1500,2090
4007,0,700,1067
3120,0,1100,1464
1651,0,1300,2063
3004,0,1300,1653
2045,0,800,1268
1185,2800,1400,1763
1921,2880,1150,1297
136,0,1300,1482
4242,0,1200,1550
3485,1000,1125,1325
1400,0,1100,1700
2907,0,1606,2605
1086,0,1330,1330
3515,0,2550,3500
3426,0,900,1316
4046,0,1150,1351
1054,0,1440,1440
2311,0,500,1288
3643,0,800,975
1324,0,1450,1593
2579,0,1170,1372
1091,0,1000,1000
505,0,500,1000
2213,0,450,550
1840,0,1500,1878
1225,150,1600,2200
1195,0,1000,1615
2225,0,1050,1383
3079,0,500,1745
3147,0,1300,1512
3709,0,650,1548
2984,0,500,1624
963,0,350,350
3739,0,900,1625
3900,0,750,1077
1438,0,500,670
216,0,750,953
526,0,1200,2140
3244,0,700,844
1288,0,750,1296
4136,0,1000,1090
4085,0,1250,1418
489,1300,450,1636
2617,0,900,1158
4141,0,1400,1424
2506,0,1450,1594
2510,0,650,1356
3967,0,900,975
3398,0,1500,1564
630,0,1100,1353
3682,0,1300,1797
2538,0,200,2179
3236,0,1050,1429
4151,0,1000,1215
3842,0,1250,1424
1312,0,3800,5852
1538,0,900,1132
1959,0,1500,1537
308,0,2000,2032
3868,0,1500,1550
3597,0,440,440
2420,0,1500,2050
482,0,1000,1202
1435,0,1000,1537
4170,0,900,984
539,0,1700,2414
1964,0,600,848
1970,0,1250,1757
3843,0,1400,1693
4369,0,3000,5000
2996,NA,700,1428
1216,0,1500,1527
2924,0,1600,2257
681,0,1650,1910
3635,0,650,1665
399,0,600,841
1221,0,1090,1190
3264,0,2800,2960
2957,0,1100,1293
4022,0,1500,2500
3044,0,600,700
2916,0,1000,1297
2015,2700,1300,1681
1865,0,1100,1152
1023,0,650,1295
2224,0,750,1302
643,0,1600,2640
2281,0,1500,2250
2407,0,500,980
2054,2686,800,880
1660,0,500,600
2968,0,1400,1503
1850,0,600,1314
2335,0,950,1541
946,0,1300,1300
3509,0,900,1191
3186,3130,1000,1404
1060,NA,500,1275
4076,0,950,1735
1451,0,1400,1731
2471,0,775,925
1754,0,1200,1296
1070,1700,1650,1852
1359,0,1450,1700
675,0,1300,2260
411,0,1900,2225
2040,0,450,550
302,0,1050,1139
4453,0,550,550
1105,0,650,650
3897,196,1300,1625
1315,0,600,1638
2112,0,1000,1602
34,0,1000,1394
4077,0,1200,1215
846,0,300,750
2836,0,1400,1471
3029,2000,1000,1200
552,0,1000,1092
4187,0,1300,1966
457,0,1400,1580
135,0,700,800
2361,720,1000,1350
806,0,950,1265
2607,0,1200,1487
3901,0,1900,2205
633,0,1350,1488
1232,0,1000,1459
2160,2000,1600,1759
3329,0,350,750
1153,0,450,615
4261,0,900,1000
2333,0,1000,1204
2717,0,550,818
2977,0,1230,1238
2005,0,1200,1397
4013,0,1200,1265
904,0,800,860
580,2000,1160,1285
473,0,1050,1559
1188,0,1300,1661
3543,0,1350,1612
2314,1200,880,882
1762,0,1145,1145
2608,0,1080,1192
2694,0,800,1400
1939,4500,1740,2340
4072,0,660,1060
3342,0,450,1902
13,2500,1500,1650
2204,0,1500,1645
2399,0,2000,3900
93,0,750,850
3104,0,800,1428
2739,0,250,1139
2974,0,750,1125
3926,0,1650,1650
3745,3700,1500,1661
4132,0,1360,1450
3095,0,500,1000
2712,0,1050,1064
3657,0,1300,1361
2848,0,650,950
3876,0,1500,2326
2261,0,1600,1661
1039,0,1550,1700
592,0,1100,1137
4345,600,400,1169
862,3500,1100,1369
1343,0,850,1033
2048,0,1550,1657
427,0,1400,1707
952,0,1000,1400
4057,0,1800,1965
3002,0,1200,1415
3785,0,550,1250
4392,0,2100,3038
3835,0,1300,1600
4231,0,1400,1430
20,0,1250,1253
66,0,1350,1360
517,0,1300,1500
3212,0,1000,2348
3275,900,1100,1320
4020,960,1200,1893
311,0,1200,1275
1680,0,700,975
2669,670,1400,2079
2758,0,900,1681
366,720,200,1078
694,0,500,1064
3802,0,1400,1939
3783,0,1650,1772
2504,1600,600,1661
1683,1200,1170,1362
2203,0,1300,1700
609,0,500,820
1453,0,300,450
3157,0,1150,1579
3365,0,1300,1300
3975,0,1800,2148
2564,0,1150,1379
1,0,800,846
1700,0,1000,1300
810,0,1400,1635
3233,500,1200,1550
1403,0,1250,1365
1560,0,1000,1187
3542,0,1000,3782
1958,0,300,850
2,0,1000,1658
737,0,500,1150
3190,0,500,700
1467,0,500,974
1377,0,600,1314
3528,0,1186,1286
3037,0,700,1473
2931,0,1050,1530
4201,0,1000,1457
2358,1000,1200,1476
1664,3000,1200,1521
1491,0,1000,1264
1596,0,1600,2122
2300,0,650,1584
434,0,800,1201
3985,0,400,1631
4159,0,800,1630
2053,0,500,1135
1433,0,1000,1110
2572,0,800,1794
2727,0,1000,1643
4320,0,800,2300
397,450,500,1155
19,0,1100,1511
2778,0,3000,3569
3656,3000,950,950
1702,0,1000,1298
2481,3000,1000,1620
3281,900,1650,1683
2294,0,1500,1912
3631,0,1000,1093
2404,0,1450,1500
692,0,1150,1366
3324,700,800,1150
2819,0,1050,1372
2236,0,870,979
3389,0,1150,1661
4246,0,1300,1508
1111,0,1400,1411
212,0,400,1369
834,0,350,425
423,0,1350,1770
2312,0,600,750
859,0,1900,2600
3296,0,600,1642
2883,0,880,1345
3976,0,1300,2305
4379,200,1500,1657
1917,0,1000,1300
796,3900,1000,1536
1103,0,300,1012
504,0,1500,1683
1829,0,280,855
3409,0,1150,1157
2180,0,910,1128
3503,0,500,1081
1143,0,1500,1813
659,0,380,580
1661,100,400,1244
3889,0,1345,1345
2365,0,1700,1730
415,0,1400,1581
2743,0,850,1400
2853,0,950,1206
3561,3900,500,500
3115,0,1000,1330
1330,0,1050,1258
2084,0,1750,1750
2079,1000,1100,1376
3956,0,1150,1273
3089,0,1000,1639
1548,0,1300,1495
2299,0,1150,1250
364,300,600,1339
2823,0,500,1114
382,0,1200,1580
1465,0,450,911
1148,0,600,1200
3575,0,800,1654
1101,0,475,550
2118,0,900,1200
3170,0,1300,1796
1480,0,1030,1170
416,0,790,1072
542,0,1200,1258
1918,1000,1400,2438
687,0,1000,1315
2704,0,1200,1385
2002,0,1100,1338
388,0,850,935
3454,0,2000,2365
1481,0,1500,1856
966,0,850,950
1483,1000,1300,1795
2376,0,800,994
3379,1500,800,1500
1768,0,560,1163
4017,0,1250,1518
2016,0,700,850
4213,0,800,800
1446,1100,1750,2245
289,400,1100,1544
165,0,800,1298
3518,0,1000,2244
2718,0,475,550
2391,0,500,1026
3358,0,400,425
4011,2800,1500,1682
3513,0,1100,1480
828,0,1150,1150
24,0,950,1497
1144,0,300,550
1708,0,1000,1300
4245,2500,600,1370
2590,0,600,900
175,0,600,832
888,400,800,1314
245,1000,1000,1514
278,0,1000,1206
1137,1980,1250,1451
4164,0,700,980
1138,0,1100,1240
3025,0,1100,2095
1820,0,2000,2240
1626,0,800,1210
2518,0,1700,2450
686,0,370,525
3658,0,1500,1520
1252,0,1100,1129
3430,480,950,1350
4310,0,1260,1450
2806,0,700,985
2652,0,1300,1321
4093,0,900,1001
3270,0,1450,1480
2842,850,1450,1516
2575,0,1100,1324
2762,0,600,875
1360,0,1990,2460
1302,0,1000,1150
1686,0,1000,2355
2865,800,1678,1678
1561,0,1000,1000
3010,4000,900,1674
769,0,800,1200
3557,0,1300,1380
1654,0,800,1111
3649,2000,570,1177
3696,0,600,800
4357,0,275,575
4028,0,600,1218
2336,0,1000,1440
341,0,1500,1617
1133,0,600,790
861,0,350,450
2563,0,2000,4904
235,0,800,2251
1778,0,600,790
527,0,450,1377
1510,80,460,1589
1503,1000,1600,2078
4036,0,1000,1150
1556,0,1500,1562
3359,0,1100,1281
1753,0,1100,1135
4243,0,475,675
2186,0,1200,1661
3251,0,450,495
1527,0,1900,2530
479,0,900,1197
3325,0,720,1321
4337,0,1175,1574
265,0,200,1048
396,0,910,1450
215,0,1200,1637
691,0,1600,1900
380,0,400,480
2401,0,2000,2086
914,0,2000,2201
3846,0,1500,2315
1206,700,1000,1209
1625,0,1000,1064
2446,0,1000,2223
741,4090,500,1600
2030,0,900,1500
4051,0,500,650
2975,0,1600,1805
1104,0,900,1039
4008,0,1750,2953
3850,0,1000,1362
2839,0,1200,1291
124,0,1300,1307
8,0,200,1093
1631,0,1400,1742
3524,0,1000,1736
3936,0,2000,2504
3164,0,700,850
305,0,1200,1497
1843,0,1500,1700
1477,0,1400,1420
189,0,600,1600
3953,0,2000,2230
1123,0,1200,2257
2473,0,700,768
4354,0,380,913
1179,0,1500,1599
3322,0,800,1300
162,200,1100,1250
3339,0,900,1492
4447,0,1500,1905
1184,0,600,1461
680,0,600,1100
790,0,1300,1639
639,0,900,900
3470,0,900,1200
1237,0,1150,1640
1733,0,700,875
3457,0,1150,1265
3982,0,900,1263
4258,0,800,1385
1881,0,1150,1497
628,0,650,1265
2052,0,1000,2050
2462,0,900,1210
164,0,200,280
2172,0,600,980
4212,0,900,1082
3743,0,1825,2275
2188,0,1100,1487
2031,0,775,1100
821,0,650,1000
3750,0,1150,2497
3404,0,200,200
2316,0,1070,1378
2943,0,700,1344
4257,350,1300,1662
3195,51,900,1100
2550,0,525,525
551,0,600,1376
3950,1500,1050,1168
1163,0,400,700
1012,0,850,1098
1266,0,1400,1661
2356,50,900,1700
404,0,1200,1336
2382,0,900,1000
220,0,1100,1100
2434,0,1350,1601
1211,0,600,864
3124,0,1250,1267
3261,0,250,850
1421,0,1650,1861
2664,0,1200,1323
3148,0,590,1793
1852,0,900,996
2154,0,1450,2009
928,0,920,1396
3573,0,300,1308
429,0,1135,1355
2357,0,949,949
365,3300,1500,1559
3277,0,2400,4400
2265,0,1050,1657
1696,1500,425,1175
2377,0,700,1172
2858,0,1150,1275
499,0,900,1492
1735,3000,2250,2250
1178,0,900,900
4226,0,675,775
3717,0,450,1450
2197,0,1370,1397
820,0,1100,1224
3240,0,350,385
2513,0,600,2143
1809,0,900,1125
1826,0,1300,1566
1409,0,1100,1660
4111,0,350,550
668,0,750,1138
4239,0,1400,1550
779,600,1350,1557
569,1950,1100,1639
1734,0,820,875
1082,0,400,2230
2938,1000,800,1484
1497,0,600,1190
783,550,800,1105
3725,0,1300,2115
472,0,850,911
445,0,850,978
3298,0,500,580
4115,0,700,1162
1825,1500,1350,1553
2033,100,1000,1387
2869,0,400,750
563,0,375,724
1139,0,1150,1586
881,0,1100,1123
4154,0,1000,1588
2802,2000,600,787
2605,0,650,722
4054,0,1000,1440
3500,0,400,773
4386,0,2500,3415
2989,0,1200,1497
95,0,1400,1571
2489,0,1250,1412
3568,0,1500,2190
2036,0,100,675
837,0,1500,1750
3882,0,1000,1359
2273,0,350,1158
844,0,625,625
1901,0,250,550
1368,0,1030,1128
3285,1600,500,500
4250,1750,800,1594
1341,0,1200,1347
3760,0,1500,2100
269,500,3000,4100
775,0,750,1758
1198,0,650,1070
1215,0,750,850
3480,0,1050,1182
1908,2000,1300,1491
1014,0,1210,1325
263,0,900,900
4317,0,550,652
2673,0,1250,2040
1785,500,1000,1290
3819,1600,1100,1100
4045,0,600,825
4107,0,500,1210
1053,0,1700,1850
2372,0,1000,1559
2599,2800,1300,1540
462,800,1500,1828
3801,3700,1600,1767
4285,0,600,1432
2770,0,1000,1388
1505,0,1400,1847
4196,0,850,1370
2944,0,1400,1444
2655,0,1400,1601
323,0,1100,1107
1476,0,1580,1756
1542,0,500,635
378,34,200,1500
3395,900,1500,1810
3139,0,4000,4769
682,0,1200,1360
49,0,450,545
2298,0,1400,2035
264,4200,1660,1698
3816,0,1400,1661
772,0,1200,1200
4415,0,700,1493
3482,0,550,1450
4414,0,2500,3106
3290,0,325,450
843,2000,800,916
958,0,1000,1114
1008,0,950,1150
3795,0,1050,1097
4244,0,1150,1549
573,1978,1100,1556
2624,0,700,1738
2453,180,1700,1777
1674,1700,800,1015
3077,0,800,800
3317,0,850,1059
998,0,1000,1337
3971,0,1400,1718
513,0,1100,1306
3228,0,1100,1243
725,0,950,957
2874,0,1250,1392
3582,0,1350,1413
3215,0,1000,1862
1161,0,1500,2588
4116,0,1400,1715
2761,3000,1000,1734
2586,0,319,1669
2155,0,500,600
3073,0,1250,1316
1277,0,625,921
2634,0,225,350
3873,0,450,950
3996,0,1375,1700
3260,0,350,1355
3326,0,750,1061
2755,0,1200,1451
2370,0,1100,1684
3602,0,900,1621
3884,0,1000,1050
3066,3500,500,1111
226,0,1000,1651
2110,0,983,1200
1449,0,800,860
3310,0,2370,2540
701,0,1420,1586
3241,0,2000,2200
227,0,300,1542
2517,0,700,1804
1487,470,1200,1670
4412,0,1350,1566
1262,0,1000,1399
2458,0,1300,1736
923,0,1250,1571
4177,0,1100,1600
2929,0,800,1560
3804,0,1200,1405
4388,0,600,1550
2153,8000,690,1242
167,0,900,1694
717,200,650,962
110,0,350,350
1894,0,1250,1490
568,0,900,900
4450,0,900,1020
2895,2500,1600,2478
2583,0,1420,1450
2388,2400,1400,1480
4062,0,1450,1452
1704,0,1400,1702
1919,0,750,829
1748,0,770,1129
2035,0,500,1595
1335,0,375,375
1980,0,1400,1463
134,9000,600,823
3118,0,1100,1100
75,0,700,1735
3834,0,300,700
469,0,1100,1296
714,0,1250,1575
2058,0,950,1175
3065,0,1100,1151
4090,0,800,1700
3693,0,1200,1200
2451,0,200,829
776,0,700,1783
2792,0,1500,1635
1498,144,475,800
6,0,650,1645
1721,0,800,870
3443,0,921,921
1496,125,850,2243
1358,0,1000,1051
4016,0,1650,1659
916,0,700,1386
4183,0,1000,1108
1832,0,800,990
3434,0,800,1500
1169,0,1650,1800
786,1500,1400,1571
2436,0,500,1727
1374,600,650,650
2876,0,1000,1500
3154,0,900,1246
3034,0,1270,1405
2111,1500,500,2071
2219,0,600,1589
3132,0,200,795
3146,0,225,525
4208,0,1450,1701
1479,0,775,850
2963,0,600,1130
3562,4300,1000,1485
3216,0,1000,1300
222,0,1900,2400
2911,0,850,1801
3057,0,1000,1800
3993,1500,1300,1730
3621,0,1250,1415
2926,0,500,1505
1793,0,1450,1490
68,0,1200,1564
2194,0,1300,2094
4334,0,1500,1539
743,0,500,1094
1264,0,900,1216
2795,0,400,1418
4228,0,1000,1542
3723,0,875,875
3955,0,1300,1636
1945,0,700,1504
579,0,900,1054
3412,0,250,375
1478,0,1050,1238
3064,0,1000,2105
1781,0,1700,1700
3606,0,1000,2393
729,0,1760,2212
1515,0,1000,1154
3130,0,1600,1600
85,0,1000,2089
2896,1781,600,887
887,0,850,886
4126,0,1100,1340
3352,0,1900,2362
3567,0,2250,2270
1043,0,500,1114
1633,0,650,1379
2019,0,600,1604
2787,360,1050,1606
1695,2000,700,2684
2193,0,1150,1450
3005,0,1200,1364
1511,0,1000,1698
1058,1200,750,1888
2707,0,1350,1423
4252,0,1600,2171
1630,0,1000,1312
4033,0,1000,1423
1900,0,1300,1500
1854,0,1100,1382
1289,0,600,800
1891,700,800,1177
271,0,1000,2010
3450,0,1050,1251
3610,5500,800,945
4451,600,950,1263
1456,0,500,1100
1999,0,700,873
313,3500,1300,2500
1648,0,700,987
544,0,750,1346
3778,0,1000,1342
3620,0,1300,1429
1676,0,1300,1372
788,0,1060,1160
3891,0,1300,1398
3431,500,500,1154
2226,0,1000,1300
240,NA,1300,1624
3766,0,700,875
4082,1600,375,375
2971,0,1500,1850
4038,1500,1150,1200
2132,3900,1000,1568
2994,400,2000,2190
4374,0,600,1063
2230,0,1250,1400
449,0,1100,1615
781,0,1000,1490
178,0,600,1346
2862,0,1000,1866
4266,0,1090,1090
4372,0,700,1487
1209,0,300,700
3790,0,1300,1790
4355,0,850,1393
2342,0,1100,1388
825,0,400,725
3826,0,430,500
2534,0,740,989
747,0,800,1419
662,0,1150,1284
255,300,1100,1395
50,0,750,1778
2482,144,1350,1496
4290,0,1400,1721
3222,0,1500,1661
4140,288,800,1588
98,0,950,1382
498,400,750,1100
4157,0,1850,1862
1370,0,1500,1853
4165,3500,1250,1350
3797,0,400,650
3961,0,700,1667
36,0,700,1200
1254,0,500,1300
1414,0,1000,1930
4383,0,1000,1696
3288,0,2000,2600
3688,0,800,1866
2050,0,2000,3400
1740,0,1400,1646
516,0,1500,1645
2561,1700,1250,1525
2074,NA,1300,1636
4304,0,600,650
3191,0,850,862
277,0,900,1114
1758,0,1000,1304
3080,0,1700,2136
4329,0,950,1017
3045,0,1600,1630
798,0,900,1005
2750,0,600,1258
2523,0,1400,1490
4189,0,500,750
2498,0,1100,1139
561,0,1700,2022
3091,0,600,775
1044,0,950,1350
4178,0,1000,1253
195,0,1600,2053
1963,0,750,1705
657,0,1000,1067
2763,0,250,750
3284,800,1700,2349
4313,0,900,1300
4441,0,1460,2191
567,0,1400,1500
3268,870,900,1580
624,0,1600,1682
3099,0,1200,2279
474,0,1200,1315
4200,0,400,750
2751,0,900,1141
420,0,2400,2700
4402,0,1400,1725
243,0,1500,1750
114,0,1000,1210
2429,0,1450,1657
595,0,500,700
2442,150,900,1633
2978,0,1250,2166
284,3000,2000,4138
3841,200,800,800
3548,0,1450,1650
3017,0,1300,1400
2214,0,700,1299
1899,100,250,450
2521,0,800,1300
1261,250,1450,1686
1283,0,750,790
1317,130,700,1090
1795,0,1310,1464
2680,0,1000,1500
4268,0,1600,1955
88,0,1426,1426
2991,1500,600,780
191,3700,200,300
2394,0,1500,2000
4137,0,1000,1314
3496,0,1300,1634
468,0,1100,1638
787,2350,1000,1443
696,0,1000,1570
3814,0,635,785
4166,0,800,1371
4199,0,500,500
917,0,1650,2276
3353,0,1300,1400
3893,0,1000,1097
2122,0,1600,1661
463,0,757,1566
3855,0,1950,2336
384,0,1150,1314
2917,0,1000,2200
3093,0,600,1400
1750,0,1000,1142
1930,2900,1400,1803
2732,5000,1805,1805
3311,0,1070,1405
1650,0,1300,1700
3777,0,1300,1438
3852,0,800,1224
83,0,850,1100
2573,0,2000,2104
895,0,900,1333
1523,0,1450,1769
3879,0,1100,1226
2840,2500,1600,1850
1149,0,600,927
2454,0,1250,1461
1855,0,800,1180
1419,700,1000,1690
1073,0,1900,1994
1212,0,1100,1477
2221,1300,700,975
640,0,1100,1280
3999,0,1340,1345
4332,0,1200,2274
3536,0,800,897
1504,0,900,1312
2271,0,1600,1700
1784,800,1450,1600
4240,0,900,1165
3839,0,900,1516
2906,0,1150,1428
1226,0,1300,2147
92,0,1490,1490
2450,0,820,1097
1976,0,600,847
3885,200,800,1012
1764,0,1000,1300
838,0,1000,1800
3768,0,600,882
217,0,1100,1212
2985,0,1000,1500
2185,0,550,850
2090,300,780,861
326,0,1150,1363
2109,0,2500,2700
2492,0,250,1341
1443,0,1170,1297
1637,0,1000,1629
2037,0,1500,1648
3354,0,475,550
2047,0,1100,1537
242,0,1350,1668
79,0,1750,2276
1084,1600,933,964
1228,0,500,1732
3220,0,1100,1347
2003,0,1000,1300
2960,500,1150,1661
3129,0,1250,1404
251,0,1540,1603
2677,0,1000,1349
3672,0,600,825
564,0,500,1346
1562,0,600,675
333,0,1900,1976
4131,0,535,1710
45,0,1500,1552
1425,0,1200,1702
3385,0,1100,1350
459,0,1450,1735
1744,0,200,300
735,0,350,450
797,0,1000,1375
3941,0,1500,1621
2773,0,1100,1250
107,0,900,950
247,0,950,1462
2779,0,1000,2484
2828,0,800,1251
2307,0,400,1531
1975,0,350,1097
3651,0,1250,1304
3674,0,500,750
2824,0,800,1828
1982,700,750,797
1773,0,900,982
1336,0,1800,2628
171,0,1000,1383
2133,0,700,1130
2324,0,1000,1242
2879,0,1350,1396
1800,0,1550,1839
1274,0,1200,1450
3661,0,1000,1042
403,0,1350,1999
883,0,900,1395
3590,0,120,300
3265,0,1450,1537
2493,200,1000,1409
2913,0,500,800
495,300,1150,1367
1189,0,850,1150
2256,0,1100,1460
2902,0,1300,1534
4161,4000,800,1086
1157,0,650,750
89,0,1040,1048
484,1800,1500,1816
1776,0,943,1018
3596,0,1260,1538
4006,0,1370,1623
3414,0,900,910
2190,0,500,715
722,0,1600,1842
1804,0,1150,1630
2661,0,850,1334
248,0,600,1098
94,21400,800,1011
1272,0,1900,1900
3734,0,800,975
3305,0,1078,1079
3984,0,1000,1025
3683,2900,1000,1439
3237,0,1700,2800
3175,0,700,1360
1539,0,1500,1531
1866,0,1350,1743
138,0,1150,1555
2144,0,450,575
2870,0,715,1683
1474,0,1300,1561
3137,0,650,650
1859,4000,900,1888
3058,0,1050,1550
3076,0,800,899
4032,0,1100,1245
3063,0,400,1600
566,0,1000,1380
740,0,1300,1770
4295,0,1500,2500
3391,0,700,1640
3849,0,1350,1487
3300,0,1050,1332
2467,0,700,969
4065,0,1500,1578
2086,0,2500,2860
3283,0,690,790
4214,0,350,969
299,0,1000,1568
3520,500,1000,1725
1326,0,950,1152
490,0,1000,1135
1420,0,1035,1709
648,0,1000,1501
4238,0,275,550
1191,0,1150,1528
1529,0,800,1717
2919,0,1000,1182
2149,0,1450,1657
4327,400,1550,1615
2665,3700,1300,2060
214,0,750,1218
1381,0,1150,1156
139,0,1100,1170
2051,0,1650,1800
1951,400,600,1850
1961,0,675,775
2827,450,1800,2400
2119,0,1000,1575
2207,0,1500,1797
3127,800,1000,1323
3178,0,1650,1673
2383,0,800,1600
770,0,1400,1403
1346,0,1300,1804
3908,0,1500,1702
3189,0,1300,1673
2805,4800,1600,1911
4292,2500,1000,1314
848,0,850,1014
3078,0,1000,1232
2418,0,500,1531
2105,0,300,850
3411,0,600,1087
1352,0,700,994
1159,700,500,1321
3925,0,400,500
1263,0,1250,1825
4344,0,1000,1101
3684,0,1000,1250
4109,180,1900,2180
2000,0,350,1680
3711,0,1500,1934
1319,250,1200,1599
3678,0,500,1138
3857,0,400,495
2171,0,400,700
674,350,1200,2200
1048,0,1350,1583
840,4000,1700,1713
3680,3000,700,834
4152,0,1000,1854
4256,4000,1550,1557
4401,6500,950,1468
899,450,1800,2271
4095,3000,1080,1296
1192,0,900,964
4423,0,1500,2800
4069,0,1800,2300
510,0,800,877
802,0,900,1105
1470,0,1175,1375
572,0,900,1270
1797,0,2750,2971
1838,0,600,1118
230,0,1000,1135
771,0,900,1086
1361,0,825,1325
746,0,1900,2259
2068,1000,800,2335
3767,0,1000,1158
1739,0,1000,1627
1609,3000,1250,1721
2511,0,200,300
3507,0,1300,2885
1253,0,1650,1686
3345,12,1600,1600
276,0,750,1218
1624,350,375,500
1293,0,2047,2946
1635,0,1150,1242
1120,0,1200,1505
3737,0,1100,2487
257,0,700,1355
3377,0,1400,1561
100,0,800,1086
146,0,1300,1300
2585,800,700,1250
2867,0,1200,1442
574,0,1500,1878
3103,3500,1650,2000
2622,0,600,1580
3018,0,950,1250
2241,0,2900,4600
4299,0,1350,1363
3532,0,1100,1654
1229,0,700,1258
152,0,1000,1320
303,0,350,350
3100,0,1750,2047
2653,NA,1300,2099
3108,2400,650,900
1741,0,1200,1503
2355,0,900,1436
1200,0,500,1131
4129,0,1550,1550
2890,0,1300,1695
3238,0,500,1536
3997,0,150,400
1512,0,250,1000
4195,0,1250,1635
3386,0,1650,2270
2645,0,2800,4400
4,0,900,1325
2654,0,700,1100
603,0,1000,1197
2439,0,400,1661
2402,0,1000,1603
3408,0,800,1084
431,0,1100,1297
461,0,1350,1589
3888,0,400,1570
2100,0,350,1526
1853,0,1200,1620
876,0,1000,1168
1978,0,550,1106
652,0,1550,1590
1475,0,1300,1510
1020,0,700,900
3315,0,1400,1725
1323,0,750,900
594,0,1100,1417
1989,0,1200,1553
3987,0,1750,2270
3639,2600,1250,1616
789,0,768,896
206,250,750,1138
3632,0,1300,1533
1118,1620,1000,1671
4230,0,1350,1674
1279,0,700,1386
142,2000,1000,2084
2139,0,1400,1705
2008,0,1000,2000
3615,0,300,750
4087,0,1400,1520
3856,1500,2000,3753
2990,0,800,1212
4023,0,2200,2428
3930,1200,700,845
1586,0,1200,1215
4434,0,875,1150
3123,0,400,600
3187,0,1200,1518
2460,0,650,975
528,2000,1250,1780
417,0,1200,1471
4376,0,600,1904
3328,0,1100,1144
3022,0,500,1014
2121,7000,1000,1026
3384,0,1150,1669
3818,4800,1250,1315
2304,0,150,816
2928,0,1200,1995
4215,0,850,1263
2949,0,1500,2218
2252,0,200,431
3316,0,500,2260
192,0,1000,1165
2125,0,1150,1683
728,0,1600,1800
2796,0,800,1280
2845,0,1000,1476
76,0,1000,1132
177,15500,1200,1257
1365,0,700,1420
389,0,1000,1028
4349,0,2000,2652
268,0,700,1090
111,0,950,1117
1119,0,1500,2180
721,0,600,1200
4202,0,1000,1516
3016,0,1300,1850
3659,0,400,765
26,0,700,2100
197,4000,950,1462
1131,0,900,1717
15,0,400,500
3313,0,750,1050
486,0,1300,1700
3218,NA,700,1100
1113,0,1000,1260
3780,0,107,125
3489,0,1800,2240
1712,0,1000,1678
2165,0,1400,1675
4124,0,400,1772
759,0,900,1654
2776,0,950,1365
2325,0,1250,1293
941,1500,600,1137
3072,0,700,1114
336,0,700,1529
2138,0,750,997
2195,4500,1200,1256
1688,2000,2180,2654
2386,0,1200,2472
387,1500,1300,1504
246,3500,1700,1950
3988,0,875,1075
1372,300,1300,1817
2495,0,290,490
4409,0,650,1551
2191,0,600,710
57,0,1000,1238
2552,0,600,1200
2452,0,1300,1550
1373,0,1275,1381
282,0,550,550
4067,0,1400,1650
1124,0,1400,1475
4029,0,1150,1400
1774,0,1300,1400
2529,0,500,975
2935,0,400,640
4114,0,625,650
894,0,1000,1995
3616,2300,1750,2750
830,0,900,1389
2475,0,850,1053
1962,0,600,700
3498,0,1250,1267
3438,2000,300,2300
351,0,1250,1563
2684,3530,1700,1847
1000,0,625,801
971,0,1700,2185
2859,0,1600,2070
767,1200,2400,3400
3128,0,900,1423
379,0,600,1421
96,0,1000,1000
458,500,1100,1600
1861,0,1086,1086
1591,0,1000,1300
2034,2000,750,856
3989,1500,1800,2090
1109,0,1000,1450
4041,1500,1400,1508
3388,0,1300,1300
2297,0,525,800
3627,0,825,900
755,0,2000,2125
3779,0,700,950
346,1260,1400,1936
2674,0,1500,1813
3565,0,950,1100
3424,0,150,898
1162,2000,950,1184
2483,50,700,940
4123,0,1000,1550
3994,0,1250,1890
4417,0,600,1176
3905,800,1250,1646
1007,0,1250,1455
3366,0,600,1537
2017,0,1450,1474
2364,0,300,525
3463,5000,1050,1625
1872,0,875,950
439,0,1000,2218
2379,3800,950,977
1827,2000,600,1735
1782,0,1350,1400
3935,0,830,939
3490,0,549,549
148,0,700,1204
3173,0,200,400
3161,0,400,470
2457,0,400,975
719,0,350,1571
345,0,1100,1294
685,0,1150,1339
3125,0,1500,1500
1927,0,850,996
2946,0,850,1251
3946,0,1800,2750
210,0,800,1894
4322,0,1000,1268
1946,0,1800,1809
3479,0,800,1626
877,560,700,1300
3862,360,1300,1537
1231,0,500,1600
3302,0,1350,1471
2287,0,1000,1345
22,0,1100,1159
2966,1400,1400,1428
954,0,1800,1980
1722,0,1000,1500
4301,0,900,982
839,9700,600,2150
1606,0,1600,1739
1537,0,1600,1815
460,4500,1500,2178
2380,7000,850,1050
362,0,1400,1980
125,0,1100,1126
2734,0,944,1054
2687,0,750,790
274,0,1000,1132
2432,0,550,1319
3789,0,1400,1724
1351,0,1150,1575
52,0,900,1500
3535,0,600,1271
2459,0,2000,2500
3583,2300,800,1850
951,6300,1075,1123
1078,0,700,1698
2378,0,1000,1364
2621,0,800,1505
1071,0,800,1298
1571,0,1600,2631
3182,0,900,1249
754,0,1210,1450
381,0,1000,1274
1912,0,1000,1300
2251,0,1000,1923
2456,0,1100,1467
948,0,700,1033
2029,0,600,1206
4413,0,500,620
3105,750,650,700
1307,0,1000,2100
2690,0,4500,6222
2264,0,1500,1702
2601,0,1200,1700
1926,0,800,1566
1305,0,1300,1435
1713,40,1400,1600
915,0,1250,1350
3217,0,1750,2200
184,120,1200,1617
2428,2400,965,1265
4106,0,800,1330
239,0,600,1180
1846,0,1530,1586
3193,0,1400,1643
4052,3000,1250,1566
1780,0,1225,1360
3788,0,500,1636
1634,0,940,1379
4302,0,500,985
2602,3500,1100,1876
3039,0,1000,1525
2239,800,900,980
1097,0,800,866
3712,0,600,1472
3957,0,950,1101
1521,0,1150,1348
3671,4000,2400,2432
2360,0,1100,1131
716,0,1400,1409
1028,0,1550,1679
3761,0,1150,1450
3666,3100,2400,2700
359,0,1100,1340
3505,0,1000,1274
3054,0,1400,1530
823,0,1100,1120
3556,0,2000,2848
761,0,300,420
4454,1000,1350,1650
3126,0,1450,1626
2070,750,1200,1410
4291,0,250,350
1666,0,1300,1440
773,3000,1700,2200
4416,3500,600,1570
1009,800,500,1900
1455,2500,1550,1721
1038,0,650,1100
2549,0,700,950
3036,0,950,1350
556,0,825,1075
1473,0,1150,1850
809,0,400,600
1948,0,350,999
4437,600,1280,1285
1202,0,2000,2050
1697,0,1350,1406
968,0,1150,1277
3169,0,1300,1450
3405,270,900,1522
2832,0,1450,1489
2255,0,975,1576
850,0,1000,1144
1394,0,1000,1725
25,0,1350,1357
3364,600,1700,2700
3508,0,1060,1060
1362,0,300,500
2516,1379,725,1460
1115,0,490,690
4059,0,1000,1189
1375,1500,1500,2435
1667,0,1870,2217
3442,0,1000,1683
2775,0,1450,1600
291,1300,400,1206
228,0,2000,2014
2011,0,1100,1100
2685,0,1400,1477
3248,0,1400,1666
2725,0,1800,1888
3564,0,310,1119
936,0,1298,1298
51,1000,1600,1718
2524,0,900,950
885,0,800,960
321,0,1100,1672
598,0,1200,1326
4306,0,500,585
4117,0,800,941
3969,0,1050,2277
1357,0,2000,3650
2891,0,350,1389
1090,3600,400,830
2688,0,1350,1500
726,0,450,950
3419,0,700,1480
1940,0,1245,1503
2310,0,1100,2500
2392,0,1500,1531
2348,0,1300,1579
1093,600,950,1490
1522,0,1100,1526
2942,600,500,1672
1057,1300,1400,1530
1004,0,500,1314
2591,0,2000,2465
1224,0,1600,2344
2290,0,800,1230
3823,700,1000,2200
1877,0,1700,1797
2746,0,750,1546
1089,1500,900,1281
2885,0,250,1500
1803,2500,450,680
31,3300,1100,1312
1717,0,450,450
2315,0,850,950
3810,0,800,2400
1857,0,800,1615
3449,2000,500,1457
1755,0,2000,2250
546,50,800,1637
3160,0,400,1138
2010,0,2500,2664
2181,0,1000,1200
3754,0,1000,2415
1321,0,1300,1700
1902,0,1200,1682
1580,0,1100,1729
1587,0,1170,1398
2729,0,500,615
2268,0,1300,1435
1694,0,1300,1517
1061,0,1000,1194
1431,2700,600,1080
900,0,925,925
896,0,900,1358
199,0,870,1122
3727,1500,1520,1636
4102,500,900,990
2611,0,1100,1338
3872,0,1100,1340
1318,3000,1400,1432
1325,0,3900,4812
3314,0,1200,1371
393,0,1700,1768
1994,0,1300,2093
1399,0,400,1205
969,0,1050,1172
1600,1500,750,936
456,0,500,1190
1885,0,750,875
4197,0,1200,1650
1910,0,1660,1838
86,3000,500,2262
3558,0,1300,1591
756,700,1300,1557
1847,0,1100,1298
1258,0,775,1050
2487,0,1000,1777
3448,0,320,425
4418,0,900,1383
72,800,1000,1137
1031,0,1125,1575
1387,0,1300,1625
1644,0,1100,1220
2408,0,700,1568
3116,0,800,4300
1304,0,1150,1485
2740,1250,1300,1665
3321,0,800,1800
507,0,1700,1734
2368,0,1350,1478
361,1500,1000,1403
3394,0,330,837
3689,0,1600,1680
1238,0,1100,1299
506,0,1000,1100
1822,0,1650,2151
1765,0,425,1245
2662,0,800,847
4424,0,900,1263
1029,0,800,2450
3793,0,1150,1316
329,0,600,850
866,0,200,1240
2173,0,1000,2300
3202,0,450,1298
1893,NA,5000,6500
2846,0,800,1494
435,0,1000,1527
4342,2500,1350,1369
1183,1800,1500,1703
2470,0,900,1150
3605,0,1000,1149
2465,0,700,982
1076,0,1000,1853
1629,0,700,1054
1915,50,600,940
4133,0,500,1238
570,0,1420,2220
2263,0,1300,1371
3566,0,600,1196
2644,0,1000,2997
2950,0,950,1300
3944,0,750,775
1610,2000,1000,1234
523,0,200,325
1172,0,984,984
2741,0,1050,1317
785,0,700,1256
1284,2500,1500,2262
2912,0,790,1106
3340,0,1550,1630
2934,0,400,500
476,400,1000,1208
116,400,1200,1646
4452,0,500,963
1528,0,690,790
677,0,1380,1580
1972,0,700,1214
4139,0,1300,1470
4237,0,850,950
2875,0,1250,1401
631,0,950,1330
1936,0,1000,1588
3106,0,2200,2387
4004,0,900,1100
3970,0,1100,1438
3102,0,1000,1241
4145,0,1200,2068
4280,0,1100,1281
3460,0,450,935
2198,0,930,955
422,2000,1100,1720
1568,0,800,1137
782,0,400,400
1599,0,1150,1565
4049,0,600,1452
1241,9500,1660,2419
3289,0,250,1150
2419,0,1400,1612
3705,0,700,1224
2071,0,1550,2294
3347,9500,2400,3120
2667,0,850,928
545,0,1500,2195
4289,0,1150,1300
4160,0,1500,2075
2772,0,500,700
1876,0,500,1214
3407,0,1350,1758
2318,0,1350,1442
3730,1500,700,1700
3421,0,200,600
65,0,1000,1542
1134,1600,2000,2550
1783,0,400,1202
3741,0,1100,1603
2887,0,1000,1851
1025,0,1250,1250
1563,0,430,1132
1710,0,1100,1200
1987,0,900,1204
1973,0,800,1151
2445,0,1300,1400
186,0,1400,2194
1747,0,1500,1601
1992,0,1000,1347
4206,0,1000,1302
3243,0,450,1490
1342,606,1400,1700
3906,0,600,1074
1155,0,1000,1100
2235,0,950,1290
872,0,1500,1810
3811,0,1700,1761
1327,0,700,900
2915,0,1550,1954
4043,0,1980,2038
1738,0,1400,3959
160,0,500,1430
2533,0,900,1300
669,0,1680,1931
667,2900,1200,2154
550,0,1500,1607
2716,0,1000,1189
4138,0,800,1103
2480,0,1500,1671
3771,0,1100,1355
1884,0,1000,1317
3716,25,800,1021
1508,0,175,300
3732,0,600,1625
4427,0,1300,1700
1132,0,350,1426
3549,0,1080,1222
3021,0,900,1925
1068,0,500,600
455,0,360,360
637,0,600,1062
3348,0,2000,2354
2566,0,900,1596
91,0,950,1177
2754,0,500,1661
483,0,1800,2646
585,1300,1450,1556
4096,0,500,1351
2937,0,900,1221
2976,3000,900,1633
723,0,750,841
3083,700,1400,1640
2588,0,500,1997
1541,0,1000,1041
962,1800,100,550
3939,0,1950,2500
1873,0,1250,1391
3867,0,1060,1750
334,1749,1030,1095
2973,2520,880,951
2156,0,2700,3700
777,0,1100,1108
2894,0,400,899
1817,0,800,1017
913,0,1000,1308
3591,0,1000,1330
3205,0,1500,1785
1636,0,1100,1286
3707,0,550,1572
4264,0,1000,1589
614,5000,1200,1570
2918,0,1000,1674
2982,0,850,1075
1550,0,900,943
3919,0,430,550
2176,0,700,1100
1729,0,1100,1387
3686,0,1000,2099
584,0,1100,1194
1244,0,1300,2400
512,0,970,1564
3742,0,1400,1599
2350,0,400,525
2921,0,600,1320
751,0,1200,1372
3135,0,900,1221
1334,0,1030,1068
3232,0,1800,2400
1167,0,1800,1807
4001,0,800,1707
2302,0,1000,1670
3439,0,300,400
2514,0,625,725
586,0,1000,1989
3183,0,500,1678
2500,0,600,750
2784,500,1300,1309
907,2000,1000,1260
4089,1400,1200,1491
3722,0,1050,1443
485,0,1400,1700
2043,0,1000,1600
818,0,1400,1493
1935,0,1000,1301
1801,0,1100,1100
627,0,900,1236
654,0,1200,1406
763,0,3000,6802
2067,0,1250,1742
698,0,800,816
1955,2100,800,2200
2801,0,1600,1778
1338,0,600,1132
3634,0,400,1615
272,0,1900,2014
4419,0,1160,1465
1223,0,1000,2159
853,0,915,1396
656,4000,1000,1123
2272,0,1100,1897
3714,0,480,1059
4003,0,2000,2235
4446,0,1450,1510
4030,4500,900,1421
2343,0,1618,1618
2692,0,1000,1613
3337,2000,1700,1900
582,0,1200,1571
145,1947,900,1211
3051,0,1150,1409
202,0,1000,1266
290,3600,1000,1195
1670,0,740,1325
804,0,850,1480
1432,0,1300,1501
2864,0,1143,1143
4143,200,675,975
2004,0,750,1431
2936,3300,1550,1612
1243,0,600,1364
332,0,1080,1114
1469,0,2100,2300
980,0,700,1757
710,0,800,1258
2443,0,230,670
1309,0,1000,1548
3599,0,700,1199
1087,0,1350,1612
1736,4000,700,1693
3197,0,850,1340
666,0,1200,1376
454,0,1000,1128
1638,0,1280,1289
501,0,1500,2040
1306,0,2375,2875
3053,0,950,997
940,0,600,882
1965,0,1200,1380
3416,3000,950,950
2767,0,850,863
690,0,1000,1290
4368,0,1300,1480
3206,0,1400,1500
2532,500,1000,3300
519,0,800,1456
2024,0,1150,2244
3831,0,1850,1877
868,1500,1000,1330
1619,0,1385,1385
4270,0,1200,1705
37,0,500,1560
1743,1365,1220,1745
600,0,1050,1228
3101,1500,650,1158
1055,0,500,700
1011,0,950,1070
3234,3700,1200,1204
1867,792,1000,1034
938,2000,1400,1830
3858,0,1100,1480
3096,0,900,2906
3370,0,500,1715
1333,0,1000,1210
3964,0,1000,2057
3992,0,1350,1850
1554,0,1250,1442
180,0,300,1801
163,0,1500,2260
3845,0,1300,1388
1576,0,500,1800
4448,0,900,975
541,0,1000,1500
1107,0,1600,1600
1452,0,1100,1150
2637,0,316,1080
4099,340,1100,1269
2413,0,500,640
3478,0,600,1114
11,0,1150,1577
752,0,250,758
2296,600,600,850
3495,0,1000,1776
2697,0,1230,1515
2319,0,700,1300
470,0,1400,1460
2632,2000,1500,1743
3271,300,370,870
1422,0,1000,1314
4382,0,1350,1520
4362,42,1450,1524
3023,500,700,890
2249,0,1500,1800
3165,0,250,857
2305,0,1650,2165
3374,2235,500,1550
1461,0,400,1166
193,0,1000,1365
4169,0,1000,1540
2710,0,300,600
1818,1800,500,690
996,0,1450,1456
1246,0,350,400
3262,200,1220,1400
409,0,1500,1663
757,0,900,1700
307,0,1300,1350
532,0,1100,1212
61,0,1830,2201
3769,0,1000,1594
1006,0,300,1742
3209,900,1300,1595
3641,0,1000,1613
120,1500,700,839
2628,0,1300,1763
2693,4350,1450,1670
548,0,870,873
4438,0,400,1800
3012,0,650,900
2416,0,1200,1350
2635,300,1200,1619
1810,0,2200,2538
2748,0,400,1084
2494,0,1300,1852
3382,0,1600,1725
122,0,900,1350
4061,0,1500,1600
1986,0,1250,1455
1349,0,380,490
1590,0,1000,1724
1967,0,600,1054
4015,0,1200,1349
3902,5000,1500,2272
2520,0,1500,1850
424,0,1100,1197
4066,2000,1700,1825
1544,0,1000,1905
3200,2880,2000,2200
1628,0,1500,2659
1100,0,850,972
1248,0,1000,2420
3453,0,1500,2448
3239,0,1200,1650
2737,3500,800,1081
1170,0,1000,2343
2143,0,900,975
221,500,900,987
1933,0,200,1156
3726,0,1150,1627
3420,0,175,675
3293,0,1000,1777
4420,23500,2000,2038
238,0,1700,1700
4325,0,1400,1690
2983,0,750,975
3517,0,1300,1475
3087,0,1300,1661
3028,0,1000,1174
4218,0,250,1343
2179,0,800,1165
2904,0,350,575
620,0,1370,1371
764,0,550,1061
1235,800,1300,1521
970,0,700,1318
207,0,1200,1374
3866,0,800,1111
3112,0,700,2995
153,0,1100,1300
3447,0,1000,1130
3863,0,1000,1480
3152,0,500,1875
301,0,950,1378
922,0,1000,1500
4037,0,1308,1558
2959,0,1200,1300
254,0,1200,1236
1314,0,2000,2676
2217,300,700,1553
296,500,1000,1339
2536,1300,1000,1350
1678,0,1100,1519
4190,0,1000,1179
2441,0,1600,1647
4305,0,900,1077
2844,0,900,1178
2702,100,1200,1800
1898,0,2100,2100
2537,0,1000,1100
1557,0,1450,1564
40,0,1125,1300
2528,0,1090,1491
59,0,600,1048
2469,0,2000,2250
201,0,1050,1387
730,400,450,1133
374,1000,1300,1384
401,0,1200,1516
2543,0,475,475
805,200,1150,1310
2421,0,1200,1457
410,0,1250,1500
921,2050,2600,3190
2384,0,500,1472
1050,0,800,1343
1770,0,1000,1279
331,0,825,1617
3587,0,1200,1642
3805,4000,1450,1566
999,0,1000,1359
1056,0,1200,1214
316,0,700,1480
3592,2400,2000,2570
2954,0,1250,1423
39,0,950,950
974,0,100,600
3853,0,1000,1179
856,0,475,575
2927,0,600,1124
1570,0,450,450
1772,0,550,2340
3334,0,1000,1200
2756,0,1350,1650
2218,0,1400,1996
2291,0,500,1402
3560,0,1350,1355
1794,0,900,1281
2127,0,800,1054
2468,0,1050,1055
2909,0,1200,2130
1547,0,550,700
1532,0,500,525
2103,0,700,1018
1931,0,1085,1736
3085,0,1040,1200
1440,0,1450,1457
4167,0,1100,1421
2284,0,1000,1100
3601,1750,250,1188
3272,0,600,750
309,0,1400,2610
2059,0,600,1180
1208,3000,800,1000
2742,0,1000,1200
2129,0,1250,1301
1789,0,1200,1426
2351,0,400,935
4381,0,400,650
2208,2500,1100,2050
2849,0,400,1777
2278,0,700,900
1322,250,1000,1245
4108,0,1500,1520
63,0,600,926
1303,0,1550,1760
3198,0,600,1549
298,0,500,1101
1080,0,1000,1628
1711,0,1000,1294
1217,0,1500,1500
3245,0,1000,1177
4440,0,1000,1638
1837,0,600,1104
2730,0,500,1490
955,0,600,989
2945,0,895,895
1960,0,1400,1640
760,0,300,350
176,0,1886,2886
2726,0,1200,1974
3874,0,1000,1700
2046,0,700,2061
2114,0,600,690
1911,0,1000,1400
2091,0,800,1762
4249,0,1500,1787
244,1500,600,875
2098,0,900,1022
1969,0,350,350
1507,2000,1500,2977
2057,0,1350,1527
182,0,950,950
154,0,1300,1380
4088,0,750,2095
734,0,1400,1734
3280,2200,1300,1349
2584,0,1050,1214
1777,3000,450,1678
3357,0,900,1155
957,0,1100,1646
2295,0,1250,1600
910,0,1550,1982
3923,0,2275,2300
1897,0,1250,1500
1665,0,200,1330
286,0,1100,1150
161,0,1550,1578
731,0,1000,1570
4272,4750,900,1411
531,0,1000,1788
3223,0,1900,2150
3938,0,2500,2500
4005,0,1380,1623
867,0,900,931
1152,0,680,1350
2826,0,1700,2300
1520,0,1900,2200
3119,2000,1048,1048
4333,0,800,1250
2666,0,800,1750
2371,0,350,400
4408,0,900,950
1727,0,425,590
814,0,978,978
2854,0,2500,3058
2733,0,600,1625
768,7000,1250,1776
319,0,600,1380
3230,0,850,1418
3762,0,1300,1360
2088,0,2000,2580
112,3000,1500,2468
3636,0,2000,2485
1199,0,200,2225
3537,0,300,650
1579,0,500,1389
2427,0,1450,1575
3903,1000,1690,1930
942,0,275,275
984,198,1550,1550
414,0,1000,1230
2747,0,500,1342
906,3650,1200,1710
3934,0,375,425
3472,933,1000,1529
1871,0,1000,1688
3481,0,250,300
2113,0,1100,1297
3625,0,1400,1475
312,0,3250,3750
1075,575,950,950
297,1000,875,875
487,0,500,984
2081,0,1070,1172
1282,0,1300,2246
1067,0,1350,1896
2078,0,1500,1600
4236,0,1300,1450
3677,0,1250,2724
927,0,240,1488
1285,0,1000,1055
4121,0,1000,1606
2833,108,1000,1025
1273,0,1550,1570
3210,0,1250,1250
1607,0,1300,1785
1488,0,900,1777
2765,0,650,1601
2814,0,1500,2098
1278,0,1570,1575
1950,0,500,550
683,0,700,1030
2145,0,1350,1520
4168,0,700,1100
2682,0,1600,2000
2223,1500,1600,1682
1746,0,1500,2230
2166,0,1500,2070
2785,2500,950,1610
1890,0,1500,1519
2077,900,500,1205
4407,0,1200,1496
2789,0,750,1436
744,1500,1350,1570
2882,0,1000,1625
2028,0,600,1415
1122,200,1000,1331
2353,0,435,935
1116,0,900,1139
1296,0,520,690
2321,0,800,1517
1979,0,1500,4500
4071,0,1500,1711
1130,0,750,1128
3301,350,1200,1222
3770,3950,1600,1678
1530,0,600,950
2286,0,1180,1442
2262,0,1300,1525
4185,0,1175,1175
672,1728,1650,2755
77,0,500,1338
4056,45,1400,1625
514,0,500,1108
1369,0,1000,1091
644,5000,900,900
2082,0,1500,2065
3890,0,1500,2502
2676,0,950,1015
886,0,1500,2179
343,0,1000,1705
540,0,600,1571
1063,0,1000,1755
847,0,125,325
2597,0,700,1428
4422,0,1200,1579
869,300,860,1192
4225,4000,700,999
3570,0,850,1228
3020,300,1700,1879
1698,0,1200,2267
2749,0,900,931
1675,0,600,1127
181,0,900,1200
3179,0,860,1059
2472,3000,1000,1243
3749,0,1200,1250
3875,0,650,800
4436,0,1400,1704
4297,0,1000,1150
4359,0,1300,1380
2878,0,500,1175
3581,0,1200,1401
433,0,850,1036
842,0,400,650
1423,0,450,1472
1064,0,500,1095
4027,0,2000,2700
121,1000,600,1346
2347,0,1100,1738
2340,0,600,850
4283,0,325,1202
3755,0,1350,1450
3940,0,800,946
629,0,1000,1204
3695,400,800,1928
2745,0,600,1293
4260,0,1000,2000
953,0,1500,1800
4097,0,1350,1417
1841,0,1150,1152
1775,0,1075,1631
4281,0,1150,1395
4276,7200,1100,1397
1164,0,650,1200
3918,0,1160,1959
2609,0,1200,2050
3735,0,950,1111
3527,0,1500,1630
3458,3000,1500,1528
2958,0,1000,1200
2159,0,700,1805
832,1300,750,758
713,0,1200,2053
419,0,1150,1192
3473,0,300,1272
144,0,1000,1160
4009,0,1450,1721
2134,0,650,869
4395,0,425,600
3757,0,800,904
1187,0,400,1700
4198,0,1800,2038
3501,1857,1100,1173
2363,0,750,1590
413,2500,1400,1607
3638,0,650,1150
3088,0,240,240
3109,4000,250,500
3476,0,1000,1155
801,0,700,1365
1308,0,250,450
2151,0,1575,1702
322,0,700,808
1659,0,1100,1835
605,0,300,325
2554,0,1500,1689
2997,0,1400,2475
1344,0,600,1683
4338,0,275,450
1805,0,1000,2436
1690,0,700,1054
3392,0,850,900
555,2000,700,1698
3401,0,1950,2208
3219,0,1350,1428
1300,0,300,509
3041,0,1000,2050
2961,900,1000,1850
4223,0,250,500
1627,0,1300,2058
1463,0,350,1511
2525,0,1500,2700
3958,1900,1000,1250
3469,0,1300,1423
1376,0,1100,1498
2735,0,1500,2738
699,2000,900,1150
143,0,3800,8800
2646,0,750,1366
3162,0,800,875
3282,0,800,1560
3916,0,1000,1646
2695,450,1350,2006
3153,2400,1200,1383
1909,0,1350,1427
3931,0,760,1369
912,0,1000,1449
3736,2850,2000,2240
1486,0,800,1472
2713,0,700,925
2503,0,800,1032
538,0,1300,1439
4352,0,500,982
4316,0,1100,1305
2006,0,1000,1800
3180,0,750,768
1454,0,1000,1688
3033,0,900,1500
1760,0,950,1386
21,0,1500,2189
3331,0,1500,1505
3204,0,800,2333
1714,0,1500,1844
1203,0,700,700
70,0,2000,2200
442,9000,700,1175
2362,0,500,2070
4035,0,1300,1365
1037,0,1200,1200
2657,0,775,950
2851,0,750,1150
4269,2500,1400,1699
3776,0,1800,2999
2817,0,1000,1260
2063,0,1000,1175
4442,0,950,1104
2346,0,1870,2622
3493,1700,3000,3690
705,0,1550,1650
697,0,1350,1381
2022,0,600,900
3327,0,1700,1803
1280,0,1200,1531
4288,NA,500,1050
3966,0,1000,1235
2544,0,1100,1668
1424,400,300,1890
2178,0,500,1418
959,0,1000,1365
2069,0,1350,1612
4303,0,650,750
372,0,300,1329
933,1100,1400,2189
3177,0,1000,1541
1786,0,1400,1557
3642,0,1600,1600
2509,0,1033,1175
406,0,1400,1850
2578,0,1500,1700
1450,108,700,1291
689,0,1100,1330
2908,0,1000,2950
3859,0,1300,1332
836,0,1200,1226
1718,0,750,1258
1709,0,1400,1538
425,0,700,950
2675,108,575,1075
2577,0,1530,1530
1663,0,1700,2210
2953,0,800,1800
1267,1500,900,1175
4110,0,700,700
976,0,1100,2413
780,500,800,886
1227,0,250,450
4179,0,800,1092
2721,0,950,1316
1615,0,1000,1155
1151,0,1000,1062
3887,0,900,1776
4100,0,650,1270
35,0,1100,1542
3752,2000,1100,1332
4235,0,1220,1466
3910,0,1200,1538
3721,400,1500,1785
1937,0,700,1100
993,0,1000,1601
2618,800,900,1607
1135,0,1100,1380
813,0,1800,2000
1464,0,1950,2074
2147,0,1000,1656
1234,0,300,425
41,0,1300,1700
3681,0,900,1000
16,0,900,1186
2174,0,2100,2100
3459,0,315,315
2759,0,1388,1388
1639,0,400,500
4182,0,900,1263
3383,0,1150,1235
3464,2000,1450,1800
1905,2000,1450,1450
2689,0,1000,2626
4078,0,400,985
4331,3000,1150,1638
1996,0,350,450
3545,1300,500,873
708,4000,900,1100
3825,0,900,1158
3090,0,1500,1784
649,1900,1150,1255
3254,0,1200,1797
2820,0,450,2050
1566,420,2000,2397
56,0,1000,1345
3522,0,1200,1497
1540,0,1150,1230
492,0,1400,1500
360,0,750,1244
3297,0,550,685
964,0,1000,1321
3151,0,750,940
1707,0,830,1700
3619,0,1500,2414
4021,2000,1475,1475
168,0,600,700
3196,0,1000,2475
23,500,600,1332
4278,0,700,1975
3773,0,3000,4800
1787,0,1300,1347
1331,0,500,1531
3624,0,800,970
3827,0,1250,1560
636,0,1100,1112
3098,0,1000,1040
2723,0,240,240
2464,3360,1000,1162
2706,0,1100,1370
3744,0,2000,2600
1598,0,1000,1818
3998,200,1350,1450
2373,0,250,375
617,0,1700,1800
978,0,1600,1636
1552,1200,700,1703
4271,0,1500,1703
2847,0,900,1350
